{"entidades":[{"estado":"Ativa","sigla":"A3ES","sioe":"","designacao":"Agência de Avaliação e Acreditação do Ensino Superior","id":"ent_A3ES","internacional":""},{"estado":"Ativa","sigla":"AAN","sioe":"875780390","designacao":"Autoridade Aeronáutica Nacional","id":"ent_AAN","internacional":""},{"estado":"Ativa","sigla":"AC","sioe":"875790676","designacao":"Águas de Coimbra, EM","id":"ent_AC","internacional":""},{"estado":"Ativa","sigla":"ACM","sioe":"875791993","designacao":"Alto Comissariado para as Migrações, IP","id":"ent_ACM","internacional":""},{"estado":"Ativa","sigla":"ACSS","sioe":"149110000","designacao":"Administração Central do Sistema de Saúde, IP","id":"ent_ACSS","internacional":""},{"estado":"Ativa","sigla":"ACT","sioe":"92380000","designacao":"Autoridade para as Condições de Trabalho","id":"ent_ACT","internacional":""},{"estado":"Ativa","sigla":"ADC","sioe":"875791975","designacao":"Agência para o Desenvolvimento e Coesão, I.P.","id":"ent_ADC","internacional":""},{"estado":"Ativa","sigla":"ADSE","sioe":"875793041","designacao":"Instituto de Proteção e Assistência na Doença, IP","id":"ent_ADSE","internacional":""},{"estado":"Ativa","sigla":"AGIF","sioe":"875793280","designacao":"Agência para a Gestão Integrada de Fogos Rurais, IP","id":"ent_AGIF","dataCriacao":"2018-02-16","internacional":""},{"estado":"Ativa","sigla":"AICEP","sioe":"70090000","designacao":"Agência para o Investimento e Comércio Externo de Portugal, EPE","id":"ent_AICEP","internacional":""},{"estado":"Ativa","sigla":"ALRAA","sioe":"875780307","designacao":"Assembleia Legislativa da Região Autónoma dos Açores","id":"ent_ALRAA","internacional":""},{"estado":"Ativa","sigla":"ALRAM","sioe":"770000054","designacao":"Assembleia Legislativa da Região Autónoma da Madeira","id":"ent_ALRAM","internacional":""},{"estado":"Ativa","sigla":"AMA","sioe":"13250000","designacao":"Agência para a Modernização Administrativa, I.P.","id":"ent_AMA","internacional":""},{"estado":"Ativa","sigla":"AMN","sioe":"875780389","designacao":"Autoridade Marítima Nacional","id":"ent_AMN","internacional":""},{"estado":"Ativa","sigla":"AMT","sioe":"875792925","designacao":"Autoridade da Mobilidade e dos Transportes","id":"ent_AMT","internacional":""},{"estado":"Ativa","sigla":"ANA","sioe":"","designacao":"ANA - Aeroportos de Portugal, SA","id":"ent_ANA","internacional":""},{"estado":"Ativa","sigla":"ANAC","sioe":"111300000","designacao":"Autoridade Nacional da Aviação Civil","id":"ent_ANAC","internacional":""},{"estado":"Ativa","sigla":"ANACOM","sioe":"70070000","designacao":"Autoridade Nacional de Comunicações","id":"ent_ANACOM","internacional":""},{"estado":"Inativa","sigla":"ANCP","sioe":"","designacao":"Agência Nacional de Compras Públicas, EPE","id":"ent_ANCP","dataCriacao":"2007-02-19","dataExtincao":"2012-06-14","internacional":""},{"estado":"Ativa","sigla":"ANEPC","sioe":"21300000","designacao":"Autoridade Nacional de Emergência e Proteção Civil","id":"ent_ANEPC","dataCriacao":"2019-04-02","internacional":""},{"estado":"Ativa","sigla":"ANMP","sioe":"770000136","designacao":"Associação Nacional de Municípios Portugueses","id":"ent_ANMP","internacional":""},{"estado":"Inativa","sigla":"ANPC","sioe":"21300000","designacao":"Autoridade Nacional de Proteção Civil","id":"ent_ANPC","dataCriacao":"2006-10-27","dataExtincao":"2019-04-02","internacional":""},{"estado":"Ativa","sigla":"ANQEP","sioe":"90540000","designacao":"Agência Nacional para a Qualificação e o Ensino Profissional, IP","id":"ent_ANQEP","internacional":""},{"estado":"Ativa","sigla":"ANS","sioe":"","designacao":"Autoridade Nacional de Segurança","id":"ent_ANS","internacional":""},{"estado":"Ativa","sigla":"ANSR","sioe":"20100000","designacao":"Autoridade Nacional de Segurança Rodoviária","id":"ent_ANSR","internacional":""},{"estado":"Ativa","sigla":"ANTRAL","sioe":"","designacao":"Associação Nacional dos Transportes Rodoviários em Automóveis Ligeiros","id":"ent_ANTRAL","internacional":""},{"estado":"Ativa","sigla":"APA","sioe":"83420000","designacao":"Agência Portuguesa do Ambiente, IP","id":"ent_APA","internacional":""},{"estado":"Ativa","sigla":"APAV","sioe":"","designacao":"Associação Portuguesa de Apoio à Vítima","id":"ent_APAV","internacional":""},{"estado":"Ativa","sigla":"APEL","sioe":"","designacao":"Associação Portuguesa de Editores e Livreiros","id":"ent_APEL","internacional":""},{"estado":"Ativa","sigla":"AR","sioe":"875780306","designacao":"Assembleia da República","id":"ent_AR","internacional":""},{"estado":"Ativa","sigla":"ARS-Alg","sioe":"148000000","designacao":"Administração Regional de Saúde do Algarve, IP","id":"ent_ARS-Alg","internacional":""},{"estado":"Ativa","sigla":"ARS-Aln","sioe":"147000000","designacao":"Administração Regional de Saúde do Alentejo, IP","id":"ent_ARS-Aln","internacional":""},{"estado":"Ativa","sigla":"ARS-C","sioe":"145000000","designacao":"Administração Regional de Saúde do Centro, IP","id":"ent_ARS-C","internacional":""},{"estado":"Ativa","sigla":"ARS-LVT","sioe":"146000000","designacao":"Administração Regional de Saúde de Lisboa e Vale do Tejo, IP","id":"ent_ARS-LVT","internacional":""},{"estado":"Ativa","sigla":"ARS-N","sioe":"144000000","designacao":"Administração Regional de Saúde do Norte, IP","id":"ent_ARS-N","internacional":""},{"estado":"Ativa","sigla":"ASAE","sioe":"74500000","designacao":"Autoridade de Segurança Alimentar e Económica","id":"ent_ASAE","internacional":""},{"estado":"Ativa","sigla":"ASF","sioe":"53200000","designacao":"Autoridade de Supervisão de Seguros e Fundos de Pensões","id":"ent_ASF","internacional":""},{"estado":"Ativa","sigla":"AT","sioe":"875780312","designacao":"Autoridade Tributária e Aduaneira","id":"ent_AT","internacional":""},{"estado":"Ativa","sigla":"AdC","sioe":"70010000","designacao":"Autoridade da Concorrência","id":"ent_AdC","internacional":""},{"estado":"Ativa","sigla":"Alentejo2020","sioe":"875792869","designacao":"Autoridade de Gestão do Programa Operacional Regional do Alentejo","id":"ent_Alentejo2020","dataCriacao":"2014-12-11","internacional":""},{"estado":"Ativa","sigla":"Algarve2020","sioe":"875792872","designacao":"Autoridade de Gestão do Programa Operacional Regional do Algarve","id":"ent_Algarve2020","dataCriacao":"2014-12-11","internacional":""},{"estado":"Ativa","sigla":"BNA","sioe":"875790906","designacao":"Balcão Nacional de Arrendamento","id":"ent_BNA","internacional":""},{"estado":"Ativa","sigla":"BNI","sioe":"875780001","designacao":"Balcão Nacional de Injunções","id":"ent_BNI","internacional":""},{"estado":"Ativa","sigla":"BNP","sioe":"60160000","designacao":"Biblioteca Nacional de Portugal","id":"ent_BNP","internacional":""},{"estado":"Ativa","sigla":"BdP","sioe":"50200000","designacao":"Banco de Portugal","id":"ent_BdP","internacional":""},{"estado":"Inativa","sigla":"CACME","sioe":"","designacao":"Comissão de Aplicação de Coimas em Matéria Económica","id":"ent_CACME","dataCriacao":"1984-07-03","dataExtincao":"2020-08-10","internacional":""},{"estado":"Inativa","sigla":"CACMP","sioe":"","designacao":"Comissão de Aplicação de Coimas em Matéria de Publicidade","id":"ent_CACMP","dataCriacao":"1990-10-23","dataExtincao":"2020-08-10","internacional":""},{"estado":"Ativa","sigla":"CADA","sioe":"875780258","designacao":"Comissão de Acesso aos Documentos Administrativos","id":"ent_CADA","internacional":""},{"estado":"Inativa","sigla":"CAFEB","sioe":"","designacao":"Caixa de Abono de Família dos Empregados Bancários","id":"ent_CAFEB","dataCriacao":"1970-06-04","dataExtincao":"2011-01-03","internacional":""},{"estado":"Ativa","sigla":"CASES","sioe":"875780315","designacao":"Cooperativa António Sérgio para a Economia Social","id":"ent_CASES","internacional":""},{"estado":"Ativa","sigla":"CCDR-Alg","sioe":"83370000","designacao":"Comissão de Coordenação do Desenvolvimento Regional do Algarve","id":"ent_CCDR-Alg","internacional":""},{"estado":"Ativa","sigla":"CCDR-Aln","sioe":"83360000","designacao":"Comissão de Coordenação do Desenvolvimento Regional do Alentejo","id":"ent_CCDR-Aln","internacional":""},{"estado":"Ativa","sigla":"CCDR-C","sioe":"83410000","designacao":"Comissão de Coordenação do Desenvolvimento Regional do Centro","id":"ent_CCDR-C","internacional":""},{"estado":"Ativa","sigla":"CCDR-LVT","sioe":"83140000","designacao":"Comissão de Coordenação do Desenvolvimento Regional de Lisboa e Vale do Tejo","id":"ent_CCDR-LVT","internacional":""},{"estado":"Ativa","sigla":"CCDR-N","sioe":"83400000","designacao":"Comissão de Coordenação do Desenvolvimento Regional do Norte","id":"ent_CCDR-N","internacional":""},{"estado":"Ativa","sigla":"CCM","sioe":"875791078","designacao":"Comissão Cultural de Marinha","id":"ent_CCM","internacional":""},{"estado":"Ativa","sigla":"CCPFC","sioe":"","designacao":"Conselho Científico-Pedagógico da Formação Contínua","id":"ent_CCPFC","internacional":""},{"estado":"Inativa","sigla":"CE","sioe":"","designacao":"Comunidade Europeia","id":"ent_CE","internacional":"Sim"},{"estado":"Inativa","sigla":"CEE","sioe":"","designacao":"Comunidade Económica Europeia","id":"ent_CEE","internacional":"Sim"},{"estado":"Ativa","sigla":"CEGER","sioe":"13130000","designacao":"Centro de Gestão da Rede Informática do Governo","id":"ent_CEGER","internacional":""},{"estado":"Ativa","sigla":"CEIC","sioe":"875792011","designacao":"Comissão de Ética para a Investigação Clínica","id":"ent_CEIC","internacional":""},{"estado":"Ativa","sigla":"CEJ","sioe":"152800000","designacao":"Centro de Estudos Judiciários","id":"ent_CEJ","internacional":""},{"estado":"Ativa","sigla":"CES","sioe":"800003367","designacao":"Conselho Económico e Social","id":"ent_CES","internacional":""},{"estado":"Ativa","sigla":"CGA","sioe":"51800000","designacao":"Caixa Geral de Aposentações, IP","id":"ent_CGA","internacional":""},{"estado":"Ativa","sigla":"CIG","sioe":"13230000","designacao":"Comissão para a Cidadania e a Igualdade de Género","id":"ent_CIG","internacional":""},{"estado":"Ativa","sigla":"CISAC","sioe":"","designacao":"International Confederation of Societies of Authors and Composers","id":"ent_CISAC","internacional":"Sim"},{"estado":"Ativa","sigla":"CITE","sioe":"90150000","designacao":"Comissão para a Igualdade no Trabalho e no Emprego","id":"ent_CITE","internacional":""},{"estado":"Ativa","sigla":"CM","sioe":"","designacao":"Conselho de Ministros","id":"ent_CM","internacional":""},{"estado":"Ativa","sigla":"CMABF","sioe":"600000006","designacao":"Câmara Municipal de Albufeira","id":"ent_CMABF","internacional":""},{"estado":"Ativa","sigla":"CMABT","sioe":"600000001","designacao":"Câmara Municipal de Abrantes","id":"ent_CMABT","internacional":""},{"estado":"Ativa","sigla":"CMACB","sioe":"600000009","designacao":"Câmara Municipal de Alcobaça","id":"ent_CMACB","internacional":""},{"estado":"Ativa","sigla":"CMACH","sioe":"600000010","designacao":"Câmara Municipal de Alcochete","id":"ent_CMACH","internacional":""},{"estado":"Ativa","sigla":"CMACN","sioe":"600000008","designacao":"Câmara Municipal de Alcanena","id":"ent_CMACN","internacional":""},{"estado":"Ativa","sigla":"CMACT","sioe":"600000011","designacao":"Câmara Municipal de Alcoutim","id":"ent_CMACT","internacional":""},{"estado":"Ativa","sigla":"CMADL","sioe":"600000004","designacao":"Câmara Municipal de Alandroal","id":"ent_CMADL","internacional":""},{"estado":"Ativa","sigla":"CMADV","sioe":"600000020","designacao":"Câmara Municipal de Almodôvar","id":"ent_CMADV","internacional":""},{"estado":"Ativa","sigla":"CMAFE","sioe":"600000013","designacao":"Câmara Municipal de Alfândega da Fé","id":"ent_CMAFE","internacional":""},{"estado":"Ativa","sigla":"CMAGB","sioe":"600000003","designacao":"Câmara Municipal de Aguiar da Beira","id":"ent_CMAGB","internacional":""},{"estado":"Ativa","sigla":"CMAGD","sioe":"600000002","designacao":"Câmara Municipal de Águeda","id":"ent_CMAGD","internacional":""},{"estado":"Ativa","sigla":"CMAGH","sioe":"600000029","designacao":"Câmara Municipal de Angra do Heroísmo","id":"ent_CMAGH","internacional":""},{"estado":"Ativa","sigla":"CMAGN","sioe":"600000032","designacao":"Câmara Municipal de Arganil","id":"ent_CMAGN","internacional":""},{"estado":"Ativa","sigla":"CMAJT","sioe":"600000016","designacao":"Câmara Municipal de Aljustrel","id":"ent_CMAJT","internacional":""},{"estado":"Ativa","sigla":"CMAJZ","sioe":"600000015","designacao":"Câmara Municipal de Aljezur","id":"ent_CMAJZ","internacional":""},{"estado":"Ativa","sigla":"CMALB","sioe":"600000005","designacao":"Câmara Municipal de Albergaria-A-Velha","id":"ent_CMALB","internacional":""},{"estado":"Ativa","sigla":"CMALD","sioe":"600000018","designacao":"Câmara Municipal de Almeida","id":"ent_CMALD","internacional":""},{"estado":"Ativa","sigla":"CMALJ","sioe":"600000014","designacao":"Câmara Municipal de Alijó","id":"ent_CMALJ","internacional":""},{"estado":"Ativa","sigla":"CMALM","sioe":"600000017","designacao":"Câmara Municipal de Almada","id":"ent_CMALM","internacional":""},{"estado":"Ativa","sigla":"CMALQ","sioe":"600000012","designacao":"Câmara Municipal de Alenquer","id":"ent_CMALQ","internacional":""},{"estado":"Ativa","sigla":"CMALR","sioe":"600000019","designacao":"Câmara Municipal de Almeirim","id":"ent_CMALR","internacional":""},{"estado":"Ativa","sigla":"CMALT","sioe":"600000022","designacao":"Câmara Municipal de Alter do Chão","id":"ent_CMALT","internacional":""},{"estado":"Ativa","sigla":"CMAMD","sioe":"600000025","designacao":"Câmara Municipal da Amadora","id":"ent_CMAMD","internacional":""},{"estado":"Ativa","sigla":"CMAMM","sioe":"600000033","designacao":"Câmara Municipal de Armamar","id":"ent_CMAMM","internacional":""},{"estado":"Ativa","sigla":"CMAMR","sioe":"600000027","designacao":"Câmara Municipal de Amares","id":"ent_CMAMR","internacional":""},{"estado":"Ativa","sigla":"CMAMT","sioe":"600000026","designacao":"Câmara Municipal de Amarante","id":"ent_CMAMT","internacional":""},{"estado":"Ativa","sigla":"CMAND","sioe":"600000028","designacao":"Câmara Municipal da Anadia","id":"ent_CMAND","internacional":""},{"estado":"Ativa","sigla":"CMANS","sioe":"600000030","designacao":"Câmara Municipal de Ansião","id":"ent_CMANS","internacional":""},{"estado":"Ativa","sigla":"CMAPC","sioe":"600000021","designacao":"Câmara Municipal de Alpiarça","id":"ent_CMAPC","internacional":""},{"estado":"Ativa","sigla":"CMARC","sioe":"600000034","designacao":"Câmara Municipal de Arouca","id":"ent_CMARC","internacional":""},{"estado":"Ativa","sigla":"CMARL","sioe":"600000035","designacao":"Câmara Municipal de Arraiolos","id":"ent_CMARL","internacional":""},{"estado":"Ativa","sigla":"CMARR","sioe":"600000036","designacao":"Câmara Municipal de Arronches","id":"ent_CMARR","internacional":""},{"estado":"Ativa","sigla":"CMARV","sioe":"600000037","designacao":"Câmara Municipal de Arruda dos Vinhos","id":"ent_CMARV","internacional":""},{"estado":"Ativa","sigla":"CMASL","sioe":"600000007","designacao":"Câmara Municipal de Alcácer do Sal","id":"ent_CMASL","internacional":""},{"estado":"Ativa","sigla":"CMAVR","sioe":"600000038","designacao":"Câmara Municipal de Aveiro","id":"ent_CMAVR","internacional":""},{"estado":"Ativa","sigla":"CMAVS","sioe":"600000039","designacao":"Câmara Municipal de Avis","id":"ent_CMAVS","internacional":""},{"estado":"Ativa","sigla":"CMAVT","sioe":"600000024","designacao":"Câmara Municipal de Alvito","id":"ent_CMAVT","internacional":""},{"estado":"Ativa","sigla":"CMAVV","sioe":"600000031","designacao":"Câmara Municipal de Arcos de Valdevez","id":"ent_CMAVV","internacional":""},{"estado":"Ativa","sigla":"CMAVZ","sioe":"600000023","designacao":"Câmara Municipal de Alvaiázere","id":"ent_CMAVZ","internacional":""},{"estado":"Ativa","sigla":"CMAZB","sioe":"600000040","designacao":"Câmara Municipal da Azambuja","id":"ent_CMAZB","internacional":""},{"estado":"Ativa","sigla":"CMBAO","sioe":"600000041","designacao":"Câmara Municipal de Baião","id":"ent_CMBAO","internacional":""},{"estado":"Ativa","sigla":"CMBBR","sioe":"600000049","designacao":"Câmara Municipal do Bombarral","id":"ent_CMBBR","internacional":""},{"estado":"Ativa","sigla":"CMBCL","sioe":"600000042","designacao":"Câmara Municipal de Barcelos","id":"ent_CMBCL","internacional":""},{"estado":"Ativa","sigla":"CMBGC","sioe":"600000053","designacao":"Câmara Municipal de Bragança","id":"ent_CMBGC","internacional":""},{"estado":"Ativa","sigla":"CMBJA","sioe":"600000046","designacao":"Câmara Municipal de Beja","id":"ent_CMBJA","internacional":""},{"estado":"Ativa","sigla":"CMBMT","sioe":"600000047","designacao":"Câmara Municipal de Belmonte","id":"ent_CMBMT","internacional":""},{"estado":"Ativa","sigla":"CMBNV","sioe":"600000048","designacao":"Câmara Municipal de Benavente","id":"ent_CMBNV","internacional":""},{"estado":"Ativa","sigla":"CMBRB","sioe":"600000050","designacao":"Câmara Municipal de Borba","id":"ent_CMBRB","internacional":""},{"estado":"Ativa","sigla":"CMBRC","sioe":"600000043","designacao":"Câmara Municipal de Barrancos","id":"ent_CMBRC","internacional":""},{"estado":"Ativa","sigla":"CMBRG","sioe":"600000052","designacao":"Câmara Municipal de Braga","id":"ent_CMBRG","internacional":""},{"estado":"Ativa","sigla":"CMBRR","sioe":"600000044","designacao":"Câmara Municipal do Barreiro","id":"ent_CMBRR","internacional":""},{"estado":"Ativa","sigla":"CMBTC","sioe":"600000051","designacao":"Câmara Municipal de Boticas","id":"ent_CMBTC","internacional":""},{"estado":"Ativa","sigla":"CMBTL","sioe":"600000045","designacao":"Câmara Municipal da Batalha","id":"ent_CMBTL","internacional":""},{"estado":"Ativa","sigla":"CMCBA","sioe":"600000086","designacao":"Câmara Municipal de Cuba","id":"ent_CMCBA","internacional":""},{"estado":"Ativa","sigla":"CMCBC","sioe":"600000054","designacao":"Câmara Municipal de Cabeceiras de Basto","id":"ent_CMCBC","internacional":""},{"estado":"Ativa","sigla":"CMCBR","sioe":"600000079","designacao":"Câmara Municipal de Coimbra","id":"ent_CMCBR","internacional":""},{"estado":"Ativa","sigla":"CMCBT","sioe":"600000075","designacao":"Câmara Municipal de Celorico de Basto","id":"ent_CMCBT","internacional":""},{"estado":"Ativa","sigla":"CMCCH","sioe":"600000082","designacao":"Câmara Municipal de Coruche","id":"ent_CMCCH","internacional":""},{"estado":"Ativa","sigla":"CMCDN","sioe":"600000080","designacao":"Câmara Municipal de Condeixa-a-Nova","id":"ent_CMCDN","internacional":""},{"estado":"Ativa","sigla":"CMCDR","sioe":"600000071","designacao":"Câmara Municipal de Castro Daire","id":"ent_CMCDR","internacional":""},{"estado":"Ativa","sigla":"CMCDV","sioe":"600000055","designacao":"Câmara Municipal de Cadaval","id":"ent_CMCDV","internacional":""},{"estado":"Ativa","sigla":"CMCHM","sioe":"600000076","designacao":"Câmara Municipal da Chamusca","id":"ent_CMCHM","internacional":""},{"estado":"Ativa","sigla":"CMCHT","sioe":"600000058","designacao":"Câmara Municipal da Calheta (Açores)","id":"ent_CMCHT","internacional":""},{"estado":"Ativa","sigla":"CMCHV","sioe":"600000077","designacao":"Câmara Municipal de Chaves","id":"ent_CMCHV","internacional":""},{"estado":"Ativa","sigla":"CMCLB","sioe":"600000074","designacao":"Câmara Municipal de Celorico da Beira","id":"ent_CMCLB","internacional":""},{"estado":"Ativa","sigla":"CMCLD","sioe":"600000056","designacao":"Câmara Municipal de Caldas da Rainha","id":"ent_CMCLD","internacional":""},{"estado":"Ativa","sigla":"CMCLT","sioe":"600000057","designacao":"Câmara Municipal da Calheta (Madeira)","id":"ent_CMCLT","internacional":""},{"estado":"Ativa","sigla":"CMCML","sioe":"600000059","designacao":"Câmara Municipal de Câmara de Lobos","id":"ent_CMCML","internacional":""},{"estado":"Ativa","sigla":"CMCMN","sioe":"600000060","designacao":"Câmara Municipal de Caminha","id":"ent_CMCMN","internacional":""},{"estado":"Ativa","sigla":"CMCMR","sioe":"600000061","designacao":"Câmara Municipal de Campo Maior","id":"ent_CMCMR","internacional":""},{"estado":"Ativa","sigla":"CMCNF","sioe":"600000078","designacao":"Câmara Municipal de Cinfães","id":"ent_CMCNF","internacional":""},{"estado":"Ativa","sigla":"CMCNS","sioe":"600000081","designacao":"Câmara Municipal de Constância","id":"ent_CMCNS","internacional":""},{"estado":"Ativa","sigla":"CMCNT","sioe":"600000062","designacao":"Câmara Municipal de Cantanhede","id":"ent_CMCNT","internacional":""},{"estado":"Ativa","sigla":"CMCPR","sioe":"600000067","designacao":"Câmara Municipal de Castanheira de Pera","id":"ent_CMCPR","internacional":""},{"estado":"Ativa","sigla":"CMCPV","sioe":"600000069","designacao":"Câmara Municipal de Castelo de Paiva","id":"ent_CMCPV","internacional":""},{"estado":"Ativa","sigla":"CMCRS","sioe":"600000064","designacao":"Câmara Municipal de Carregal do Sal","id":"ent_CMCRS","internacional":""},{"estado":"Ativa","sigla":"CMCRT","sioe":"600000085","designacao":"Câmara Municipal do Crato","id":"ent_CMCRT","internacional":""},{"estado":"Ativa","sigla":"CMCRV","sioe":"600000083","designacao":"Câmara Municipal do Corvo","id":"ent_CMCRV","internacional":""},{"estado":"Ativa","sigla":"CMCRZ","sioe":"600000063","designacao":"Câmara Municipal de Carrazeda de Ansiães","id":"ent_CMCRZ","internacional":""},{"estado":"Ativa","sigla":"CMCSC","sioe":"600000066","designacao":"Câmara Municipal de Cascais","id":"ent_CMCSC","internacional":""},{"estado":"Ativa","sigla":"CMCTB","sioe":"600000068","designacao":"Câmara Municipal de Castelo Branco","id":"ent_CMCTB","internacional":""},{"estado":"Ativa","sigla":"CMCTM","sioe":"600000072","designacao":"Câmara Municipal de Castro Marim","id":"ent_CMCTM","internacional":""},{"estado":"Ativa","sigla":"CMCTX","sioe":"600000065","designacao":"Câmara Municipal do Cartaxo","id":"ent_CMCTX","internacional":""},{"estado":"Ativa","sigla":"CMCVD","sioe":"600000070","designacao":"Câmara Municipal de Castelo de Vide","id":"ent_CMCVD","internacional":""},{"estado":"Ativa","sigla":"CMCVL","sioe":"600000084","designacao":"Câmara Municipal da Covilhã","id":"ent_CMCVL","internacional":""},{"estado":"Ativa","sigla":"CMCVR","sioe":"600000073","designacao":"Câmara Municipal de Castro Verde","id":"ent_CMCVR","internacional":""},{"estado":"Ativa","sigla":"CMELV","sioe":"600000087","designacao":"Câmara Municipal de Elvas","id":"ent_CMELV","internacional":""},{"estado":"Ativa","sigla":"CMENT","sioe":"600000088","designacao":"Câmara Municipal do Entroncamento","id":"ent_CMENT","internacional":""},{"estado":"Ativa","sigla":"CMEPS","sioe":"600000090","designacao":"Câmara Municipal de Esposende","id":"ent_CMEPS","internacional":""},{"estado":"Ativa","sigla":"CMESP","sioe":"600000089","designacao":"Câmara Municipal de Espinho","id":"ent_CMESP","internacional":""},{"estado":"Ativa","sigla":"CMETR","sioe":"600000091","designacao":"Câmara Municipal de Estarreja","id":"ent_CMETR","internacional":""},{"estado":"Ativa","sigla":"CMETZ","sioe":"600000092","designacao":"Câmara Municipal de Estremoz","id":"ent_CMETZ","internacional":""},{"estado":"Ativa","sigla":"CMEVR","sioe":"600000093","designacao":"Câmara Municipal de Évora","id":"ent_CMEVR","internacional":""},{"estado":"Ativa","sigla":"CMFAF","sioe":"600000094","designacao":"Câmara Municipal de Fafe","id":"ent_CMFAF","internacional":""},{"estado":"Ativa","sigla":"CMFAG","sioe":"600000102","designacao":"Câmara Municipal de Fornos de Algodres","id":"ent_CMFAG","internacional":""},{"estado":"Ativa","sigla":"CMFAL","sioe":"600000097","designacao":"Câmara Municipal de Ferreira do Alentejo","id":"ent_CMFAL","internacional":""},{"estado":"Ativa","sigla":"CMFAR","sioe":"600000095","designacao":"Câmara Municipal de Faro","id":"ent_CMFAR","internacional":""},{"estado":"Ativa","sigla":"CMFCR","sioe":"600000100","designacao":"Câmara Municipal de Figueira de Castelo Rodrigo","id":"ent_CMFCR","internacional":""},{"estado":"Ativa","sigla":"CMFEC","sioe":"600000103","designacao":"Câmara Municipal de Freixo de Espada à Cinta","id":"ent_CMFEC","internacional":""},{"estado":"Ativa","sigla":"CMFIG","sioe":"600000099","designacao":"Câmara Municipal da Figueira da Foz","id":"ent_CMFIG","internacional":""},{"estado":"Ativa","sigla":"CMFLG","sioe":"600000096","designacao":"Câmara Municipal de Felgueiras","id":"ent_CMFLG","internacional":""},{"estado":"Ativa","sigla":"CMFNC","sioe":"600000105","designacao":"Câmara Municipal do Funchal","id":"ent_CMFNC","internacional":""},{"estado":"Ativa","sigla":"CMFND","sioe":"600000106","designacao":"Câmara Municipal do Fundão","id":"ent_CMFND","internacional":""},{"estado":"Ativa","sigla":"CMFTR","sioe":"600000104","designacao":"Câmara Municipal de Fronteira","id":"ent_CMFTR","internacional":""},{"estado":"Ativa","sigla":"CMFVN","sioe":"600000101","designacao":"Câmara Municipal de Figueiró dos Vinhos","id":"ent_CMFVN","internacional":""},{"estado":"Ativa","sigla":"CMFZZ","sioe":"600000098","designacao":"Câmara Municipal de Ferreira do Zêzere","id":"ent_CMFZZ","internacional":""},{"estado":"Ativa","sigla":"CMGAV","sioe":"600000107","designacao":"Câmara Municipal de Gavião","id":"ent_CMGAV","internacional":""},{"estado":"Ativa","sigla":"CMGDL","sioe":"600000112","designacao":"Câmara Municipal de Grândola","id":"ent_CMGDL","internacional":""},{"estado":"Ativa","sigla":"CMGDM","sioe":"600000110","designacao":"Câmara Municipal de Gondomar","id":"ent_CMGDM","internacional":""},{"estado":"Ativa","sigla":"CMGLG","sioe":"600000109","designacao":"Câmara Municipal da Golegã","id":"ent_CMGLG","internacional":""},{"estado":"Ativa","sigla":"CMGMR","sioe":"600000114","designacao":"Câmara Municipal de Guimarães","id":"ent_CMGMR","internacional":""},{"estado":"Ativa","sigla":"CMGOI","sioe":"600000108","designacao":"Câmara Municipal de Góis","id":"ent_CMGOI","internacional":""},{"estado":"Ativa","sigla":"CMGRD","sioe":"600000113","designacao":"Câmara Municipal da Guarda","id":"ent_CMGRD","internacional":""},{"estado":"Ativa","sigla":"CMGVA","sioe":"600000111","designacao":"Câmara Municipal de Gouveia","id":"ent_CMGVA","internacional":""},{"estado":"Ativa","sigla":"CMHRT","sioe":"600000115","designacao":"Câmara Municipal da Horta","id":"ent_CMHRT","internacional":""},{"estado":"Ativa","sigla":"CMIDN","sioe":"600000116","designacao":"Câmara Municipal de Idanha-a-Nova","id":"ent_CMIDN","internacional":""},{"estado":"Ativa","sigla":"CMILH","sioe":"600000117","designacao":"Câmara Municipal de Ílhavo","id":"ent_CMILH","internacional":""},{"estado":"Ativa","sigla":"CMLAG","sioe":"600000118","designacao":"Câmara Municipal de Lagoa (Açores)","id":"ent_CMLAG","internacional":""},{"estado":"Ativa","sigla":"CMLGA","sioe":"600000119","designacao":"Câmara Municipal de Lagoa (Algarve)","id":"ent_CMLGA","internacional":""},{"estado":"Ativa","sigla":"CMLGF","sioe":"600000121","designacao":"Câmara Municipal de Lajes das Flores","id":"ent_CMLGF","internacional":""},{"estado":"Ativa","sigla":"CMLGP","sioe":"600000122","designacao":"Câmara Municipal de Lajes do Pico","id":"ent_CMLGP","internacional":""},{"estado":"Ativa","sigla":"CMLGS","sioe":"600000120","designacao":"Câmara Municipal de Lagos","id":"ent_CMLGS","internacional":""},{"estado":"Ativa","sigla":"CMLLE","sioe":"600000126","designacao":"Câmara Municipal de Loulé","id":"ent_CMLLE","internacional":""},{"estado":"Ativa","sigla":"CMLMG","sioe":"600000123","designacao":"Câmara Municipal de Lamego","id":"ent_CMLMG","internacional":""},{"estado":"Ativa","sigla":"CMLNH","sioe":"600000137","designacao":"Câmara Municipal da Lourinhã","id":"ent_CMLNH","internacional":""},{"estado":"Ativa","sigla":"CMLOU","sioe":"600000139","designacao":"Câmara Municipal de Lousada","id":"ent_CMLOU","internacional":""},{"estado":"Ativa","sigla":"CMLRA","sioe":"600000124","designacao":"Câmara Municipal de Leiria","id":"ent_CMLRA","internacional":""},{"estado":"Ativa","sigla":"CMLRS","sioe":"600000136","designacao":"Câmara Municipal de Loures","id":"ent_CMLRS","internacional":""},{"estado":"Ativa","sigla":"CMLSA","sioe":"600000138","designacao":"Câmara Municipal da Lousã","id":"ent_CMLSA","internacional":""},{"estado":"Ativa","sigla":"CMLSB","sioe":"600000125","designacao":"Câmara Municipal de Lisboa","id":"ent_CMLSB","internacional":""},{"estado":"Ativa","sigla":"CMMAC","sioe":"600000140","designacao":"Câmara Municipal de Mação","id":"ent_CMMAC","internacional":""},{"estado":"Ativa","sigla":"CMMAD","sioe":"600000143","designacao":"Câmara Municipal da Madalena","id":"ent_CMMAD","internacional":""},{"estado":"Ativa","sigla":"CMMAI","sioe":"600000145","designacao":"Câmara Municipal da Maia","id":"ent_CMMAI","internacional":""},{"estado":"Ativa","sigla":"CMMBR","sioe":"600000162","designacao":"Câmara Municipal de Moimenta da Beira","id":"ent_CMMBR","internacional":""},{"estado":"Ativa","sigla":"CMMCD","sioe":"600000141","designacao":"Câmara Municipal de Macedo de Cavaleiros","id":"ent_CMMCD","internacional":""},{"estado":"Ativa","sigla":"CMMCH","sioe":"600000142","designacao":"Câmara Municipal de Machico","id":"ent_CMMCH","internacional":""},{"estado":"Ativa","sigla":"CMMCN","sioe":"600000148","designacao":"Câmara Municipal de Marco de Canaveses","id":"ent_CMMCN","internacional":""},{"estado":"Ativa","sigla":"CMMCQ","sioe":"600000165","designacao":"Câmara Municipal de Monchique","id":"ent_CMMCQ","internacional":""},{"estado":"Ativa","sigla":"CMMCV","sioe":"600000158","designacao":"Câmara Municipal de Miranda do Corvo","id":"ent_CMMCV","internacional":""},{"estado":"Ativa","sigla":"CMMDB","sioe":"600000166","designacao":"Câmara Municipal de Mondim de Basto","id":"ent_CMMDB","internacional":""},{"estado":"Ativa","sigla":"CMMDL","sioe":"600000160","designacao":"Câmara Municipal de Mirandela","id":"ent_CMMDL","internacional":""},{"estado":"Ativa","sigla":"CMMDR","sioe":"600000159","designacao":"Câmara Municipal de Miranda do Douro","id":"ent_CMMDR","internacional":""},{"estado":"Ativa","sigla":"CMMED","sioe":"600000153","designacao":"Câmara Municipal de Mêda","id":"ent_CMMED","internacional":""},{"estado":"Ativa","sigla":"CMMFR","sioe":"600000144","designacao":"Câmara Municipal de Mafra","id":"ent_CMMFR","internacional":""},{"estado":"Ativa","sigla":"CMMFT","sioe":"600000167","designacao":"Câmara Municipal de Monforte","id":"ent_CMMFT","internacional":""},{"estado":"Ativa","sigla":"CMMGD","sioe":"600000161","designacao":"Câmara Municipal de Mogadouro","id":"ent_CMMGD","internacional":""},{"estado":"Ativa","sigla":"CMMGL","sioe":"600000146","designacao":"Câmara Municipal de Mangualde","id":"ent_CMMGL","internacional":""},{"estado":"Ativa","sigla":"CMMGR","sioe":"600000149","designacao":"Câmara Municipal da Marinha Grande","id":"ent_CMMGR","internacional":""},{"estado":"Ativa","sigla":"CMMIR","sioe":"600000157","designacao":"Câmara Municipal de Mira","id":"ent_CMMIR","internacional":""},{"estado":"Ativa","sigla":"CMMLD","sioe":"600000152","designacao":"Câmara Municipal da Mealhada","id":"ent_CMMLD","internacional":""},{"estado":"Ativa","sigla":"CMMLG","sioe":"600000154","designacao":"Câmara Municipal de Melgaço","id":"ent_CMMLG","internacional":""},{"estado":"Ativa","sigla":"CMMMN","sioe":"600000169","designacao":"Câmara Municipal de Montemor-o-Novo","id":"ent_CMMMN","internacional":""},{"estado":"Ativa","sigla":"CMMMV","sioe":"600000170","designacao":"Câmara Municipal de Montemor-o-Velho","id":"ent_CMMMV","internacional":""},{"estado":"Ativa","sigla":"CMMNC","sioe":"600000164","designacao":"Câmara Municipal de Monção","id":"ent_CMMNC","internacional":""},{"estado":"Ativa","sigla":"CMMOR","sioe":"600000172","designacao":"Câmara Municipal de Mora","id":"ent_CMMOR","internacional":""},{"estado":"Ativa","sigla":"CMMOU","sioe":"600000175","designacao":"Câmara Municipal de Mourão","id":"ent_CMMOU","internacional":""},{"estado":"Ativa","sigla":"CMMRA","sioe":"600000174","designacao":"Câmara Municipal de Moura","id":"ent_CMMRA","internacional":""},{"estado":"Ativa","sigla":"CMMRS","sioe":"600000177","designacao":"Câmara Municipal da Murtosa","id":"ent_CMMRS","internacional":""},{"estado":"Ativa","sigla":"CMMRT","sioe":"600000173","designacao":"Câmara Municipal de Mortágua","id":"ent_CMMRT","internacional":""},{"estado":"Ativa","sigla":"CMMRV","sioe":"600000150","designacao":"Câmara Municipal de Marvão","id":"ent_CMMRV","internacional":""},{"estado":"Ativa","sigla":"CMMSF","sioe":"600000156","designacao":"Câmara Municipal de Mesão Frio","id":"ent_CMMSF","internacional":""},{"estado":"Ativa","sigla":"CMMTA","sioe":"600000163","designacao":"Câmara Municipal da Moita","id":"ent_CMMTA","internacional":""},{"estado":"Ativa","sigla":"CMMTG","sioe":"600000147","designacao":"Câmara Municipal de Manteigas","id":"ent_CMMTG","internacional":""},{"estado":"Ativa","sigla":"CMMTJ","sioe":"600000171","designacao":"Câmara Municipal do Montijo","id":"ent_CMMTJ","internacional":""},{"estado":"Ativa","sigla":"CMMTL","sioe":"600000155","designacao":"Câmara Municipal de Mértola","id":"ent_CMMTL","internacional":""},{"estado":"Ativa","sigla":"CMMTR","sioe":"600000168","designacao":"Câmara Municipal de Montalegre","id":"ent_CMMTR","internacional":""},{"estado":"Ativa","sigla":"CMMTS","sioe":"600000151","designacao":"Câmara Municipal de Matosinhos","id":"ent_CMMTS","internacional":""},{"estado":"Ativa","sigla":"CMMUR","sioe":"600000176","designacao":"Câmara Municipal de Murça","id":"ent_CMMUR","internacional":""},{"estado":"Ativa","sigla":"CMNIS","sioe":"600000180","designacao":"Câmara Municipal de Nisa","id":"ent_CMNIS","internacional":""},{"estado":"Ativa","sigla":"CMNLS","sioe":"600000179","designacao":"Câmara Municipal de Nelas","id":"ent_CMNLS","internacional":""},{"estado":"Ativa","sigla":"CMNRD","sioe":"600000181","designacao":"Câmara Municipal do Nordeste","id":"ent_CMNRD","internacional":""},{"estado":"Ativa","sigla":"CMNZR","sioe":"600000178","designacao":"Câmara Municipal da Nazaré","id":"ent_CMNZR","internacional":""},{"estado":"Ativa","sigla":"CMOAZ","sioe":"600000188","designacao":"Câmara Municipal de Oliveira de Azeméis","id":"ent_CMOAZ","internacional":""},{"estado":"Ativa","sigla":"CMOBD","sioe":"600000182","designacao":"Câmara Municipal de Óbidos","id":"ent_CMOBD","internacional":""},{"estado":"Ativa","sigla":"CMOBR","sioe":"600000190","designacao":"Câmara Municipal de Oliveira do Bairro","id":"ent_CMOBR","internacional":""},{"estado":"Ativa","sigla":"CMODM","sioe":"600000183","designacao":"Câmara Municipal de Odemira","id":"ent_CMODM","internacional":""},{"estado":"Ativa","sigla":"CMODV","sioe":"600000184","designacao":"Câmara Municipal de Odivelas","id":"ent_CMODV","internacional":""},{"estado":"Ativa","sigla":"CMOER","sioe":"600000185","designacao":"Câmara Municipal de Oeiras","id":"ent_CMOER","internacional":""},{"estado":"Ativa","sigla":"CMOFR","sioe":"600000189","designacao":"Câmara Municipal de Oliveira de Frades","id":"ent_CMOFR","internacional":""},{"estado":"Ativa","sigla":"CMOHP","sioe":"600000191","designacao":"Câmara Municipal de Oliveira do Hospital","id":"ent_CMOHP","internacional":""},{"estado":"Ativa","sigla":"CMOLH","sioe":"600000187","designacao":"Câmara Municipal de Olhão","id":"ent_CMOLH","internacional":""},{"estado":"Ativa","sigla":"CMOLR","sioe":"600000186","designacao":"Câmara Municipal de Oleiros","id":"ent_CMOLR","internacional":""},{"estado":"Ativa","sigla":"CMORM","sioe":"600000192","designacao":"Câmara Municipal de Ourém","id":"ent_CMORM","internacional":""},{"estado":"Ativa","sigla":"CMORQ","sioe":"600000193","designacao":"Câmara Municipal de Ourique","id":"ent_CMORQ","internacional":""},{"estado":"Ativa","sigla":"CMOVR","sioe":"600000194","designacao":"Câmara Municipal de Ovar","id":"ent_CMOVR","internacional":""},{"estado":"Ativa","sigla":"CMPBL","sioe":"600000204","designacao":"Câmara Municipal de Pombal","id":"ent_CMPBL","internacional":""},{"estado":"Ativa","sigla":"CMPCR","sioe":"600000199","designacao":"Câmara Municipal de Paredes de Coura","id":"ent_CMPCR","internacional":""},{"estado":"Ativa","sigla":"CMPCT","sioe":"600000128","designacao":"Câmara Municipal de Penalva do Castelo","id":"ent_CMPCT","internacional":""},{"estado":"Ativa","sigla":"CMPCV","sioe":"600000201","designacao":"Câmara Municipal de Penacova","id":"ent_CMPCV","internacional":""},{"estado":"Ativa","sigla":"CMPDL","sioe":"600000205","designacao":"Câmara Municipal de Ponta Delgada","id":"ent_CMPDL","internacional":""},{"estado":"Ativa","sigla":"CMPFR","sioe":"600000195","designacao":"Câmara Municipal de Paços de Ferreira","id":"ent_CMPFR","internacional":""},{"estado":"Ativa","sigla":"CMPGR","sioe":"600000200","designacao":"Câmara Municipal de Pedrógão Grande","id":"ent_CMPGR","internacional":""},{"estado":"Ativa","sigla":"CMPLM","sioe":"600000196","designacao":"Câmara Municipal de Palmela","id":"ent_CMPLM","internacional":""},{"estado":"Ativa","sigla":"CMPMS","sioe":"600000214","designacao":"Câmara Municipal de Porto de Mós","id":"ent_CMPMS","internacional":""},{"estado":"Ativa","sigla":"CMPMZ","sioe":"600000215","designacao":"Câmara Municipal de Porto Moniz","id":"ent_CMPMZ","internacional":""},{"estado":"Ativa","sigla":"CMPNC","sioe":"600000129","designacao":"Câmara Municipal de Penamacor","id":"ent_CMPNC","internacional":""},{"estado":"Ativa","sigla":"CMPND","sioe":"600000130","designacao":"Câmara Municipal de Penedono","id":"ent_CMPND","internacional":""},{"estado":"Ativa","sigla":"CMPNF","sioe":"600000127","designacao":"Câmara Municipal de Penafiel","id":"ent_CMPNF","internacional":""},{"estado":"Ativa","sigla":"CMPNH","sioe":"600000203","designacao":"Câmara Municipal de Pinhel","id":"ent_CMPNH","internacional":""},{"estado":"Ativa","sigla":"CMPNI","sioe":"600000132","designacao":"Câmara Municipal de Peniche","id":"ent_CMPNI","internacional":""},{"estado":"Ativa","sigla":"CMPNL","sioe":"600000131","designacao":"Câmara Municipal de Penela","id":"ent_CMPNL","internacional":""},{"estado":"Ativa","sigla":"CMPNV","sioe":"600000220","designacao":"Câmara Municipal de Proença-a-Nova","id":"ent_CMPNV","internacional":""},{"estado":"Ativa","sigla":"CMPPS","sioe":"600000197","designacao":"Câmara Municipal da Pampilhosa da Serra","id":"ent_CMPPS","internacional":""},{"estado":"Ativa","sigla":"CMPRD","sioe":"600000198","designacao":"Câmara Municipal de Paredes","id":"ent_CMPRD","internacional":""},{"estado":"Ativa","sigla":"CMPRG","sioe":"600000202","designacao":"Câmara Municipal de Peso da Régua","id":"ent_CMPRG","internacional":""},{"estado":"Ativa","sigla":"CMPRL","sioe":"600000211","designacao":"Câmara Municipal de Portel","id":"ent_CMPRL","internacional":""},{"estado":"Ativa","sigla":"CMPRS","sioe":"600000296","designacao":"Câmara Municipal de Vila Nova de Poiares","id":"ent_CMPRS","internacional":""},{"estado":"Ativa","sigla":"CMPRT","sioe":"600000213","designacao":"Câmara Municipal do Porto","id":"ent_CMPRT","internacional":""},{"estado":"Ativa","sigla":"CMPSR","sioe":"600000209","designacao":"Câmara Municipal de Ponte de Sôr","id":"ent_CMPSR","internacional":""},{"estado":"Ativa","sigla":"CMPST","sioe":"600000216","designacao":"Câmara Municipal de Porto Santo","id":"ent_CMPST","internacional":""},{"estado":"Ativa","sigla":"CMPTB","sioe":"600000207","designacao":"Câmara Municipal de Ponte da Barca","id":"ent_CMPTB","internacional":""},{"estado":"Ativa","sigla":"CMPTG","sioe":"600000210","designacao":"Câmara Municipal de Portalegre","id":"ent_CMPTG","internacional":""},{"estado":"Ativa","sigla":"CMPTL","sioe":"600000208","designacao":"Câmara Municipal de Ponte de Lima","id":"ent_CMPTL","internacional":""},{"estado":"Ativa","sigla":"CMPTM","sioe":"600000212","designacao":"Câmara Municipal de Portimão","id":"ent_CMPTM","internacional":""},{"estado":"Ativa","sigla":"CMPTS","sioe":"600000206","designacao":"Câmara Municipal de Ponta do Sol","id":"ent_CMPTS","internacional":""},{"estado":"Ativa","sigla":"CMPVC","sioe":"600000219","designacao":"Câmara Municipal de Povoação","id":"ent_CMPVC","internacional":""},{"estado":"Ativa","sigla":"CMPVL","sioe":"600000217","designacao":"Câmara Municipal de Póvoa de Lanhoso","id":"ent_CMPVL","internacional":""},{"estado":"Ativa","sigla":"CMPVZ","sioe":"600000218","designacao":"Câmara Municipal de Póvoa de Varzim","id":"ent_CMPVZ","internacional":""},{"estado":"Ativa","sigla":"CMRBR","sioe":"600000224","designacao":"Câmara Municipal da Ribeira Brava","id":"ent_CMRBR","internacional":""},{"estado":"Ativa","sigla":"CMRDD","sioe":"600000221","designacao":"Câmara Municipal do Redondo","id":"ent_CMRDD","internacional":""},{"estado":"Ativa","sigla":"CMRGR","sioe":"600000226","designacao":"Câmara Municipal de Ribeira Grande","id":"ent_CMRGR","internacional":""},{"estado":"Ativa","sigla":"CMRMR","sioe":"600000227","designacao":"Câmara Municipal de Rio Maior","id":"ent_CMRMR","internacional":""},{"estado":"Ativa","sigla":"CMRMZ","sioe":"600000222","designacao":"Câmara Municipal de Reguengos de Monsaraz","id":"ent_CMRMZ","internacional":""},{"estado":"Ativa","sigla":"CMRPN","sioe":"600000225","designacao":"Câmara Municipal de Ribeira de Pena","id":"ent_CMRPN","internacional":""},{"estado":"Ativa","sigla":"CMRSD","sioe":"600000223","designacao":"Câmara Municipal de Resende","id":"ent_CMRSD","internacional":""},{"estado":"Ativa","sigla":"CMSAT","sioe":"600000248","designacao":"Câmara Municipal de Sátão","id":"ent_CMSAT","internacional":""},{"estado":"Ativa","sigla":"CMSBA","sioe":"600000241","designacao":"Câmara Municipal de São Brás de Alportel","id":"ent_CMSBA","internacional":""},{"estado":"Ativa","sigla":"CMSBG","sioe":"600000229","designacao":"Câmara Municipal do Sabugal","id":"ent_CMSBG","internacional":""},{"estado":"Ativa","sigla":"CMSBS","sioe":"600000228","designacao":"Câmara Municipal de Sabrosa","id":"ent_CMSBS","internacional":""},{"estado":"Ativa","sigla":"CMSCD","sioe":"600000231","designacao":"Câmara Municipal de Santa Comba Dão","id":"ent_CMSCD","internacional":""},{"estado":"Ativa","sigla":"CMSCF","sioe":"600000234","designacao":"Câmara Municipal de Santa Cruz das Flores","id":"ent_CMSCF","internacional":""},{"estado":"Ativa","sigla":"CMSCG","sioe":"600000233","designacao":"Câmara Municipal de Santa Cruz da Graciosa","id":"ent_CMSCG","internacional":""},{"estado":"Ativa","sigla":"CMSCR","sioe":"600000232","designacao":"Câmara Municipal de Santa Cruz","id":"ent_CMSCR","internacional":""},{"estado":"Ativa","sigla":"CMSEI","sioe":"600000249","designacao":"Câmara Municipal de Seia","id":"ent_CMSEI","internacional":""},{"estado":"Ativa","sigla":"CMSJM","sioe":"600000242","designacao":"Câmara Municipal de São João da Madeira","id":"ent_CMSJM","internacional":""},{"estado":"Ativa","sigla":"CMSJP","sioe":"600000243","designacao":"Câmara Municipal de São João da Pesqueira","id":"ent_CMSJP","internacional":""},{"estado":"Ativa","sigla":"CMSLV","sioe":"600000257","designacao":"Câmara Municipal de Silves","id":"ent_CMSLV","internacional":""},{"estado":"Ativa","sigla":"CMSMA","sioe":"600000260","designacao":"Câmara Municipal de Sobral de Monte Agraço","id":"ent_CMSMA","internacional":""},{"estado":"Ativa","sigla":"CMSMG","sioe":"600000230","designacao":"Câmara Municipal de Salvaterra de Magos","id":"ent_CMSMG","internacional":""},{"estado":"Ativa","sigla":"CMSMP","sioe":"600000236","designacao":"Câmara Municipal de Santa Marta de Penaguião","id":"ent_CMSMP","internacional":""},{"estado":"Ativa","sigla":"CMSNS","sioe":"600000258","designacao":"Câmara Municipal de Sines","id":"ent_CMSNS","internacional":""},{"estado":"Ativa","sigla":"CMSNT","sioe":"600000259","designacao":"Câmara Municipal de Sintra","id":"ent_CMSNT","internacional":""},{"estado":"Ativa","sigla":"CMSPS","sioe":"600000244","designacao":"Câmara Municipal de São Pedro do Sul","id":"ent_CMSPS","internacional":""},{"estado":"Ativa","sigla":"CMSRD","sioe":"600000247","designacao":"Câmara Municipal de Sardoal","id":"ent_CMSRD","internacional":""},{"estado":"Ativa","sigla":"CMSRE","sioe":"600000261","designacao":"Câmara Municipal de Soure","id":"ent_CMSRE","internacional":""},{"estado":"Ativa","sigla":"CMSRN","sioe":"600000251","designacao":"Câmara Municipal de Sernancelhe","id":"ent_CMSRN","internacional":""},{"estado":"Ativa","sigla":"CMSRP","sioe":"600000252","designacao":"Câmara Municipal de Serpa","id":"ent_CMSRP","internacional":""},{"estado":"Ativa","sigla":"CMSRQ","sioe":"600000245","designacao":"Câmara Municipal de São Roque do Pico","id":"ent_CMSRQ","internacional":""},{"estado":"Ativa","sigla":"CMSRT","sioe":"600000253","designacao":"Câmara Municipal da Sertã","id":"ent_CMSRT","internacional":""},{"estado":"Ativa","sigla":"CMSSB","sioe":"600000254","designacao":"Câmara Municipal de Sesimbra","id":"ent_CMSSB","internacional":""},{"estado":"Ativa","sigla":"CMSSL","sioe":"600000262","designacao":"Câmara Municipal de Sousel","id":"ent_CMSSL","internacional":""},{"estado":"Ativa","sigla":"CMSTB","sioe":"600000255","designacao":"Câmara Municipal de Setúbal","id":"ent_CMSTB","internacional":""},{"estado":"Ativa","sigla":"CMSTC","sioe":"600000239","designacao":"Câmara Municipal de Santiago do Cacém","id":"ent_CMSTC","internacional":""},{"estado":"Ativa","sigla":"CMSTN","sioe":"600000237","designacao":"Câmara Municipal de Santana","id":"ent_CMSTN","internacional":""},{"estado":"Ativa","sigla":"CMSTR","sioe":"600000238","designacao":"Câmara Municipal de Santarém","id":"ent_CMSTR","internacional":""},{"estado":"Ativa","sigla":"CMSTS","sioe":"600000240","designacao":"Câmara Municipal de Santo Tirso","id":"ent_CMSTS","internacional":""},{"estado":"Ativa","sigla":"CMSVC","sioe":"600000246","designacao":"Câmara Municipal de São Vicente","id":"ent_CMSVC","internacional":""},{"estado":"Ativa","sigla":"CMSVV","sioe":"600000256","designacao":"Câmara Municipal de Sever do Vouga","id":"ent_CMSVV","internacional":""},{"estado":"Ativa","sigla":"CMSXL","sioe":"600000250","designacao":"Câmara Municipal do Seixal","id":"ent_CMSXL","internacional":""},{"estado":"Ativa","sigla":"CMTBC","sioe":"600000264","designacao":"Câmara Municipal de Tabuaço","id":"ent_CMTBC","internacional":""},{"estado":"Ativa","sigla":"CMTBR","sioe":"600000267","designacao":"Câmara Municipal de Terras de Bouro","id":"ent_CMTBR","internacional":""},{"estado":"Ativa","sigla":"CMTBU","sioe":"600000263","designacao":"Câmara Municipal de Tábua","id":"ent_CMTBU","internacional":""},{"estado":"Ativa","sigla":"CMTCS","sioe":"600000270","designacao":"Câmara Municipal de Trancoso","id":"ent_CMTCS","internacional":""},{"estado":"Ativa","sigla":"CMTMC","sioe":"600000135","designacao":"Câmara Municipal de Torre de Moncorvo","id":"ent_CMTMC","internacional":""},{"estado":"Ativa","sigla":"CMTMR","sioe":"600000133","designacao":"Câmara Municipal de Tomar","id":"ent_CMTMR","internacional":""},{"estado":"Ativa","sigla":"CMTND","sioe":"600000134","designacao":"Câmara Municipal de Tondela","id":"ent_CMTND","internacional":""},{"estado":"Ativa","sigla":"CMTNV","sioe":"600000268","designacao":"Câmara Municipal de Torres Novas","id":"ent_CMTNV","internacional":""},{"estado":"Ativa","sigla":"CMTRC","sioe":"600000265","designacao":"Câmara Municipal de Tarouca","id":"ent_CMTRC","internacional":""},{"estado":"Ativa","sigla":"CMTRF","sioe":"600000271","designacao":"Câmara Municipal de Trofa","id":"ent_CMTRF","internacional":""},{"estado":"Ativa","sigla":"CMTVD","sioe":"600000269","designacao":"Câmara Municipal de Torres Vedras","id":"ent_CMTVD","internacional":""},{"estado":"Ativa","sigla":"CMTVR","sioe":"600000266","designacao":"Câmara Municipal de Tavira","id":"ent_CMTVR","internacional":""},{"estado":"Ativa","sigla":"CMVBP","sioe":"600000284","designacao":"Câmara Municipal de Vila do Bispo","id":"ent_CMVBP","internacional":""},{"estado":"Ativa","sigla":"CMVCD","sioe":"600000285","designacao":"Câmara Municipal de Vila do Conde","id":"ent_CMVCD","internacional":""},{"estado":"Ativa","sigla":"CMVCT","sioe":"600000280","designacao":"Câmara Municipal de Viana do Castelo","id":"ent_CMVCT","internacional":""},{"estado":"Ativa","sigla":"CMVDG","sioe":"600000281","designacao":"Câmara Municipal de Vidigueira","id":"ent_CMVDG","internacional":""},{"estado":"Ativa","sigla":"CMVFC","sioe":"600000289","designacao":"Câmara Municipal de Vila Franca do Campo","id":"ent_CMVFC","internacional":""},{"estado":"Ativa","sigla":"CMVFL","sioe":"600000287","designacao":"Câmara Municipal de Vila Flor","id":"ent_CMVFL","internacional":""},{"estado":"Ativa","sigla":"CMVFR","sioe":"600000235","designacao":"Câmara Municipal de Santa Maria da Feira","id":"ent_CMVFR","internacional":""},{"estado":"Ativa","sigla":"CMVFX","sioe":"600000288","designacao":"Câmara Municipal de Vila Franca de Xira","id":"ent_CMVFX","internacional":""},{"estado":"Ativa","sigla":"CMVGS","sioe":"600000272","designacao":"Câmara Municipal de Vagos","id":"ent_CMVGS","internacional":""},{"estado":"Ativa","sigla":"CMVIS","sioe":"600000306","designacao":"Câmara Municipal de Viseu","id":"ent_CMVIS","internacional":""},{"estado":"Ativa","sigla":"CMVIZ","sioe":"600000307","designacao":"Câmara Municipal de Vizela","id":"ent_CMVIZ","internacional":""},{"estado":"Ativa","sigla":"CMVLC","sioe":"600000273","designacao":"Câmara Municipal de Vale de Cambra","id":"ent_CMVLC","internacional":""},{"estado":"Ativa","sigla":"CMVLF","sioe":"600000293","designacao":"Câmara Municipal de Vila Nova de Foz Côa","id":"ent_CMVLF","internacional":""},{"estado":"Ativa","sigla":"CMVLG","sioe":"600000275","designacao":"Câmara Municipal de Valongo","id":"ent_CMVLG","internacional":""},{"estado":"Ativa","sigla":"CMVLN","sioe":"600000274","designacao":"Câmara Municipal de Valença","id":"ent_CMVLN","internacional":""},{"estado":"Ativa","sigla":"CMVLP","sioe":"600000276","designacao":"Câmara Municipal de Valpaços","id":"ent_CMVLP","internacional":""},{"estado":"Ativa","sigla":"CMVLR","sioe":"600000283","designacao":"Câmara Municipal de Vila de Rei","id":"ent_CMVLR","internacional":""},{"estado":"Ativa","sigla":"CMVLS","sioe":"600000277","designacao":"Câmara Municipal de Velas","id":"ent_CMVLS","internacional":""},{"estado":"Ativa","sigla":"CMVM","sioe":"","designacao":"Comissão do Mercado de Valores Mobiliários","id":"ent_CMVM","internacional":""},{"estado":"Ativa","sigla":"CMVMS","sioe":"600000304","designacao":"Câmara Municipal de Vimioso","id":"ent_CMVMS","internacional":""},{"estado":"Ativa","sigla":"CMVNB","sioe":"600000290","designacao":"Câmara Municipal de Vila Nova da Barquinha","id":"ent_CMVNB","internacional":""},{"estado":"Ativa","sigla":"CMVNC","sioe":"600000291","designacao":"Câmara Municipal de Vila Nova de Cerveira","id":"ent_CMVNC","internacional":""},{"estado":"Ativa","sigla":"CMVND","sioe":"600000278","designacao":"Câmara Municipal de Vendas Novas","id":"ent_CMVND","internacional":""},{"estado":"Ativa","sigla":"CMVNF","sioe":"600000292","designacao":"Câmara Municipal de Vila Nova de Famalicão","id":"ent_CMVNF","internacional":""},{"estado":"Ativa","sigla":"CMVNG","sioe":"600000294","designacao":"Câmara Municipal de Vila Nova de Gaia","id":"ent_CMVNG","internacional":""},{"estado":"Ativa","sigla":"CMVNH","sioe":"600000305","designacao":"Câmara Municipal de Vinhais","id":"ent_CMVNH","internacional":""},{"estado":"Ativa","sigla":"CMVNP","sioe":"600000295","designacao":"Câmara Municipal de Vila Nova de Paiva","id":"ent_CMVNP","internacional":""},{"estado":"Ativa","sigla":"CMVNT","sioe":"600000279","designacao":"Câmara Municipal de Viana do Alentejo","id":"ent_CMVNT","internacional":""},{"estado":"Ativa","sigla":"CMVPA","sioe":"600000297","designacao":"Câmara Municipal de Vila Pouca de Aguiar","id":"ent_CMVPA","internacional":""},{"estado":"Ativa","sigla":"CMVPT","sioe":"600000286","designacao":"Câmara Municipal de Vila do Porto","id":"ent_CMVPT","internacional":""},{"estado":"Ativa","sigla":"CMVPV","sioe":"600000298","designacao":"Câmara Municipal de Vila Praia da Vitória","id":"ent_CMVPV","internacional":""},{"estado":"Ativa","sigla":"CMVRL","sioe":"600000299","designacao":"Câmara Municipal de Vila Real","id":"ent_CMVRL","internacional":""},{"estado":"Ativa","sigla":"CMVRM","sioe":"600000282","designacao":"Câmara Municipal de Vieira do Minho","id":"ent_CMVRM","internacional":""},{"estado":"Ativa","sigla":"CMVRS","sioe":"600000300","designacao":"Câmara Municipal de Vila Real de Santo António","id":"ent_CMVRS","internacional":""},{"estado":"Ativa","sigla":"CMVVC","sioe":"600000303","designacao":"Câmara Municipal de Vila Viçosa","id":"ent_CMVVC","internacional":""},{"estado":"Ativa","sigla":"CMVVD","sioe":"600000302","designacao":"Câmara Municipal de Vila Verde","id":"ent_CMVVD","internacional":""},{"estado":"Ativa","sigla":"CMVVR","sioe":"600000301","designacao":"Câmara Municipal de Vila Velha de Ródão","id":"ent_CMVVR","internacional":""},{"estado":"Ativa","sigla":"CMVZL","sioe":"600000308","designacao":"Câmara Municipal de Vouzela","id":"ent_CMVZL","internacional":""},{"estado":"Ativa","sigla":"CNCS","sioe":"875793274","designacao":"Centro Nacional de Cibersegurança","id":"ent_CNCS","internacional":""},{"estado":"Ativa","sigla":"CNE","sioe":"875780257","designacao":"Comissão Nacional de Eleições","id":"ent_CNE","internacional":""},{"estado":"Ativa","sigla":"CNECV","sioe":"875780304","designacao":"Conselho Nacional de Ética para as Ciências da Vida","id":"ent_CNECV","internacional":""},{"estado":"Ativa","sigla":"CNEdu","sioe":"89280000","designacao":"Conselho Nacional de Educação","id":"ent_CNEdu","internacional":""},{"estado":"Ativa","sigla":"CNOC","sioe":"","designacao":"Comissão Nacional de Objeção de Consciência","id":"ent_CNOC","internacional":""},{"estado":"Ativa","sigla":"CNPC","sioe":"","designacao":"Comissão Nacional de Proteção Civil","id":"ent_CNPC","internacional":""},{"estado":"Ativa","sigla":"CNPD","sioe":"800002002","designacao":"Comissão Nacional de Proteção de Dados","id":"ent_CNPD","internacional":""},{"estado":"Ativa","sigla":"CNPDPCJ","sioe":"875793019","designacao":"Comissão Nacional de Promoção dos Direitos e Proteção das Crianças e Jovens","id":"ent_CNPDPCJ","internacional":""},{"estado":"Ativa","sigla":"CNPMA","sioe":"875793282","designacao":"Conselho Nacional de Procriação Medicamente Assistida","id":"ent_CNPMA","internacional":""},{"estado":"Inativa","sigla":"CNPRP","sioe":"90312000","designacao":"Centro Nacional de Proteção contra os Riscos Profissionais","id":"ent_CNPRP","dataCriacao":"1999-05-11","dataExtincao":"2006-10-27","internacional":""},{"estado":"Ativa","sigla":"CNPSSS","sioe":"875780378","designacao":"Conselho Nacional para as Políticas de Solidariedade, Voluntariado, Família, Reabilitação e Segurança Social","id":"ent_CNPSSS","internacional":""},{"estado":"Inativa","sigla":"CNU","sioe":"","designacao":"Comissão Nacional da UNESCO","id":"ent_CNU","internacional":""},{"estado":"Ativa","sigla":"CP","sioe":"875790327","designacao":"Comboios de Portugal, EPE","id":"ent_CP","internacional":""},{"estado":"Ativa","sigla":"CP-MC","sioe":"60330000","designacao":"Cinemateca Portuguesa-Museu do Cinema, IP","id":"ent_CP-MC","internacional":""},{"estado":"Ativa","sigla":"CPES","sioe":"300200000","designacao":"Comissão de Programas Especiais de Segurança","id":"ent_CPES","internacional":""},{"estado":"Ativa","sigla":"CPL","sioe":"90120000","designacao":"Casa Pia de Lisboa, IP","id":"ent_CPL","internacional":""},{"estado":"Ativa","sigla":"CPVC","sioe":"153000000","designacao":"Comissão de Proteção às Vítimas de Crimes","id":"ent_CPVC","internacional":""},{"estado":"Ativa","sigla":"CRESAP","sioe":"875780391","designacao":"Comissão de Recrutamento e Seleção para a Administração Pública","id":"ent_CRESAP","internacional":""},{"estado":"Ativa","sigla":"CRL","sioe":"875780377","designacao":"Centro de Relações Laborais","id":"ent_CRL","internacional":""},{"estado":"Ativa","sigla":"CSE","sioe":"875780386","designacao":"Conselho Superior de Estatística","id":"ent_CSE","internacional":""},{"estado":"Ativa","sigla":"CSM","sioe":"800004000","designacao":"Conselho Superior de Magistratura","id":"ent_CSM","internacional":""},{"estado":"Ativa","sigla":"CSTAF","sioe":"770000439","designacao":"Conselho Superior dos Tribunais Administrativos e Fiscais","id":"ent_CSTAF","internacional":""},{"estado":"Ativa","sigla":"CV","sioe":"","designacao":"Ciência Viva – Agência Nacional para a Cultura Científica e Tecnológica","id":"ent_CV","internacional":""},{"estado":"Ativa","sigla":"Camões","sioe":"875780322","designacao":"Camões - Instituto da Cooperação e da Língua, IP","id":"ent_Camões","internacional":""},{"estado":"Ativa","sigla":"Centro2020","sioe":"875792874","designacao":"Autoridade de Gestão do Programa Operacional Regional do Centro","id":"ent_Centro2020","dataCriacao":"2014-12-11","internacional":""},{"estado":"Ativa","sigla":"DGAC","sioe":"","designacao":"Direção-Geral dos Assuntos Comunitários","id":"ent_DGAC","internacional":""},{"estado":"Ativa","sigla":"DGACCP","sioe":"86060000","designacao":"Direção-Geral dos Assuntos Consulares e das Comunidades Portuguesas","id":"ent_DGACCP","internacional":""},{"estado":"Ativa","sigla":"DGADR","sioe":"32160000","designacao":"Direção-Geral de Agricultura e Desenvolvimento Rural","id":"ent_DGADR","internacional":""},{"estado":"Ativa","sigla":"DGAE","sioe":"71210000","designacao":"Direção-Geral das Atividades Económicas","id":"ent_DGAE","dataCriacao":"2007-04-27","internacional":""},{"estado":"Ativa","sigla":"DGAEP","sioe":"54300000","designacao":"Direção-Geral da Administração e do Emprego Público","id":"ent_DGAEP","internacional":""},{"estado":"Ativa","sigla":"DGAEs","sioe":"875780329","designacao":"Direção-Geral da Administração Escolar","id":"ent_DGAEs","internacional":""},{"estado":"Ativa","sigla":"DGAEu","sioe":"86050000","designacao":"Direção-Geral dos Assuntos Europeus","id":"ent_DGAEu","internacional":""},{"estado":"Inativa","sigla":"DGAIEC","sioe":"","designacao":"Direcção-Geral das Alfândegas e dos Impostos Especiais sobre o Consumo","id":"ent_DGAIEC","internacional":""},{"estado":"Inativa","sigla":"DGAIESC","sioe":"","designacao":"Direção-Geral das Alfândegas e do Impostos Especiais sobre o Consumo","id":"ent_DGAIESC","internacional":""},{"estado":"Ativa","sigla":"DGAJ","sioe":"151500000","designacao":"Direção-Geral da Administração da Justiça","id":"ent_DGAJ","internacional":""},{"estado":"Ativa","sigla":"DGAL","sioe":"83080000","designacao":"Direção-Geral das Autarquias Locais","id":"ent_DGAL","internacional":""},{"estado":"Ativa","sigla":"DGAM","sioe":"875791082","designacao":"Direção-Geral da Autoridade Marítima","id":"ent_DGAM","internacional":""},{"estado":"Ativa","sigla":"DGARTES","sioe":"60170000","designacao":"Direção-Geral das Artes","id":"ent_DGARTES","internacional":""},{"estado":"Ativa","sigla":"DGAV","sioe":"875780353","designacao":"Direção-Geral de Alimentação e Veterinária","id":"ent_DGAV","internacional":""},{"estado":"Ativa","sigla":"DGC","sioe":"12010000","designacao":"Direção-Geral do Consumidor","id":"ent_DGC","internacional":""},{"estado":"Inativa","sigla":"DGCI","sioe":"","designacao":"Direção-Geral das Contribuições e Impostos","id":"ent_DGCI","dataCriacao":"1911-01-14","dataExtincao":"2011-12-15","internacional":""},{"estado":"Inativa","sigla":"DGCSP","sioe":"","designacao":"Direção-Geral dos Cuidados de Saúde Primários","id":"ent_DGCSP","dataCriacao":"1984-03-02","dataExtincao":"1993-10-01","internacional":""},{"estado":"Ativa","sigla":"DGE","sioe":"875780318","designacao":"Direção-Geral da Educação","id":"ent_DGE","internacional":""},{"estado":"Ativa","sigla":"DGEEC","sioe":"875780319","designacao":"Direção-Geral de Estatísticas da Educação e Ciência","id":"ent_DGEEC","internacional":""},{"estado":"Ativa","sigla":"DGEG","sioe":"71200000","designacao":"Direção-Geral de Energia e Geologia","id":"ent_DGEG","internacional":""},{"estado":"Ativa","sigla":"DGERT","sioe":"90230000","designacao":"Direção-Geral do Emprego e das Relações de Trabalho","id":"ent_DGERT","internacional":""},{"estado":"Ativa","sigla":"DGES","sioe":"101990000","designacao":"Direção-Geral do Ensino Superior","id":"ent_DGES","internacional":""},{"estado":"Ativa","sigla":"DGEstE","sioe":"875790445","designacao":"Direção-Geral dos Estabelecimentos Escolares","id":"ent_DGEstE","internacional":""},{"estado":"Inativa","sigla":"DGITA","sioe":"","designacao":"Direcção Geral de Informática e Apoio aos Serviços Tributários e Aduaneiros","id":"ent_DGITA","internacional":""},{"estado":"Ativa","sigla":"DGLAB","sioe":"875780384","designacao":"Direção-Geral do Livro, dos Arquivos e das Bibliotecas","id":"ent_DGLAB","internacional":""},{"estado":"Inativa","sigla":"DGLB","sioe":"","designacao":"Direção-Geral do Livro e das Bibliotecas","id":"ent_DGLB","dataCriacao":"2007-03-29","dataExtincao":"2011-12-29","internacional":""},{"estado":"Ativa","sigla":"DGMARE","sioe":"","designacao":"Directorate General for Maritime Affairs and Fisheries","id":"ent_DGMARE","internacional":"Sim"},{"estado":"Ativa","sigla":"DGO","sioe":"51100000","designacao":"Direção-Geral do Orçamento","id":"ent_DGO","internacional":""},{"estado":"Ativa","sigla":"DGOTDU","sioe":"83090000","designacao":"Direcção Geral de Ordenamento do Território e Desenvolvimento Urbano","id":"ent_DGOTDU","dataCriacao":"1994-10-28","dataExtincao":"2006-10-27","internacional":""},{"estado":"Ativa","sigla":"DGPC","sioe":"875780385","designacao":"Direção-Geral do Património Cultural","id":"ent_DGPC","internacional":""},{"estado":"Ativa","sigla":"DGPDN","sioe":"85040000","designacao":"Direção-Geral de Política de Defesa Nacional","id":"ent_DGPDN","internacional":""},{"estado":"Ativa","sigla":"DGPE","sioe":"86040000","designacao":"Direção-Geral de Política Externa","id":"ent_DGPE","internacional":""},{"estado":"Ativa","sigla":"DGPJ","sioe":"300220000","designacao":"Direção-Geral de Política de Justiça","id":"ent_DGPJ","internacional":""},{"estado":"Ativa","sigla":"DGPM","sioe":"600082458","designacao":"Direção-Geral de Política do Mar","id":"ent_DGPM","internacional":""},{"estado":"Ativa","sigla":"DGRDN","sioe":"875792095","designacao":"Direção-Geral de Recursos da Defesa Nacional","id":"ent_DGRDN","internacional":""},{"estado":"Ativa","sigla":"DGRM","sioe":"875780332","designacao":"Direção-Geral de Recursos Naturais, Segurança e Serviços Marítimos","id":"ent_DGRM","internacional":""},{"estado":"Inativa","sigla":"DGRS","sioe":"","designacao":"Direção-Geral de Reinserção Social","id":"ent_DGRS","dataExtincao":"2011-12-29","internacional":""},{"estado":"Ativa","sigla":"DGRSP","sioe":"875780381","designacao":"Direção-Geral de Reinserção e Serviços Prisionais","id":"ent_DGRSP","internacional":""},{"estado":"Ativa","sigla":"DGS","sioe":"141300000","designacao":"Direção-Geral de Saúde","id":"ent_DGS","internacional":""},{"estado":"Inativa","sigla":"DGSP","sioe":"","designacao":"Direção-Geral dos Serviços Prisionais","id":"ent_DGSP","dataExtincao":"2011-12-29","internacional":""},{"estado":"Ativa","sigla":"DGSS","sioe":"90220000","designacao":"Direção-Geral da Segurança Social","id":"ent_DGSS","internacional":""},{"estado":"Ativa","sigla":"DGT","sioe":"875780352","designacao":"Direção-Geral do Território","id":"ent_DGT","internacional":""},{"estado":"Ativa","sigla":"DGTF","sioe":"53410000","designacao":"Direção-Geral do Tesouro e Finanças","id":"ent_DGTF","internacional":""},{"estado":"Inativa","sigla":"DGTur","sioe":"","designacao":"Direção-Geral do Turismo","id":"ent_DGTur","dataCriacao":"1968-11-15","dataExtincao":"2006-10-27","internacional":""},{"estado":"Inativa","sigla":"DGV","sioe":"","designacao":"Direção-Geral de Viação","id":"ent_DGV","dataCriacao":"1971-11-09","dataExtincao":"2007-07-25","internacional":""},{"estado":"Ativa","sigla":"DNS_PT","sioe":"","designacao":"Associação DNS.PT","id":"ent_DNS_PT","internacional":""},{"estado":"Inativa","sigla":"DPP","sioe":"","designacao":"Departamento de Prospetiva e Planeamento","id":"ent_DPP","internacional":""},{"estado":"Ativa","sigla":"DRAC-Alg","sioe":"60280000","designacao":"Direção Regional de Cultura do Algarve","id":"ent_DRAC-Alg","internacional":""},{"estado":"Ativa","sigla":"DRAC-Aln","sioe":"60270000","designacao":"Direção Regional de Cultura do Alentejo","id":"ent_DRAC-Aln","internacional":""},{"estado":"Ativa","sigla":"DRAC-C","sioe":"60260000","designacao":"Direção Regional de Cultura do Centro","id":"ent_DRAC-C","internacional":""},{"estado":"Ativa","sigla":"DRAC-N","sioe":"60250000","designacao":"Direção Regional de Cultura do Norte","id":"ent_DRAC-N","internacional":""},{"estado":"Ativa","sigla":"DRAP-Alg","sioe":"32250000","designacao":"Direção Regional de Agricultura e Pescas do Algarve","id":"ent_DRAP-Alg","internacional":""},{"estado":"Ativa","sigla":"DRAP-Aln","sioe":"32240000","designacao":"Direção Regional de Agricultura e Pescas do Alentejo","id":"ent_DRAP-Aln","internacional":""},{"estado":"Ativa","sigla":"DRAP-C","sioe":"32400000","designacao":"Direção Regional de Agricultura e Pescas do Centro","id":"ent_DRAP-C","internacional":""},{"estado":"Ativa","sigla":"DRAP-LVT","sioe":"32260000","designacao":"Direção Regional de Agricultura e Pescas de Lisboa e Vale do Tejo","id":"ent_DRAP-LVT","internacional":""},{"estado":"Ativa","sigla":"DRAP-N","sioe":"32270000","designacao":"Direção Regional de Agricultura e Pescas do Norte","id":"ent_DRAP-N","internacional":""},{"estado":"Inativa","sigla":"DREALE","sioe":"","designacao":"Direção Regional de Educação do Alentejo","id":"ent_DREALE","dataCriacao":"1987-01-03","dataExtincao":"2012-12-31","internacional":""},{"estado":"Inativa","sigla":"DREALG","sioe":"","designacao":"Direção Regional de Educação do Algarve","id":"ent_DREALG","dataCriacao":"1987-01-03","dataExtincao":"2012-12-31","internacional":""},{"estado":"Inativa","sigla":"DREC","sioe":"","designacao":"Direção Regional de Educação do Centro","id":"ent_DREC","dataCriacao":"1987-01-03","dataExtincao":"2012-12-31","internacional":""},{"estado":"Inativa","sigla":"DRELVT","sioe":"","designacao":"Direção Regional de Educação de Lisboa e Vale do Tejo","id":"ent_DRELVT","dataCriacao":"1987-01-03","dataExtincao":"2012-12-31","internacional":""},{"estado":"Inativa","sigla":"DREN","sioe":"","designacao":"Direção Regional de Educação do Norte","id":"ent_DREN","dataCriacao":"1987-01-03","dataExtincao":"2012-12-31","internacional":""},{"estado":"Ativa","sigla":"ECFP","sioe":"875780490","designacao":"Entidade das Contas e Financiamentos Políticos","id":"ent_ECFP","internacional":""},{"estado":"Ativa","sigla":"ECHA","sioe":"","designacao":"Agência Europeia dos Produtos Químicos","id":"ent_ECHA","internacional":"Sim"},{"estado":"Ativa","sigla":"EMGFA","sioe":"85080000","designacao":"Estado-Maior General das Forças Armadas","id":"ent_EMGFA","internacional":""},{"estado":"Ativa","sigla":"EN","sioe":"875791079","designacao":"Marinha – Escola Naval","id":"ent_EN","internacional":""},{"estado":"Ativa","sigla":"ENMC","sioe":"","designacao":"Entidade Nacional para o Mercado de Combustíveis, EPE","id":"ent_ENMC","internacional":""},{"estado":"Ativa","sigla":"EPAE","sioe":"","designacao":"Escola Portuguesa de Arte Equestre","id":"ent_EPAE","internacional":""},{"estado":"Ativa","sigla":"ERC","sioe":"800002003","designacao":"Entidade Reguladora para a Comunicação Social","id":"ent_ERC","internacional":""},{"estado":"Ativa","sigla":"ERS","sioe":"142900000","designacao":"Entidade Reguladora da Saúde","id":"ent_ERS","internacional":""},{"estado":"Ativa","sigla":"ERSAR","sioe":"83270000","designacao":"Entidade Reguladora dos Serviços de Águas e Resíduos","id":"ent_ERSAR","internacional":""},{"estado":"Ativa","sigla":"ESPAP","sioe":"875780379","designacao":"Entidade de Serviços Partilhados da Administração Pública, IP","id":"ent_ESPAP","internacional":""},{"estado":"Ativa","sigla":"EURATOM","sioe":"","designacao":"Comunidade Europeia da Energia Atómica","id":"ent_EURATOM","internacional":"Sim"},{"estado":"Ativa","sigla":"Exército","sioe":"85110000","designacao":"Exército Português","id":"ent_Exército","internacional":""},{"estado":"Ativa","sigla":"FAP","sioe":"85100000","designacao":"Força Aérea Portuguesa","id":"ent_FAP","internacional":""},{"estado":"Ativa","sigla":"FCM-UNL","sioe":"875793117","designacao":"Faculdade de Ciências Médicas da Universidade Nova de Lisboa","id":"ent_FCM-UNL","internacional":""},{"estado":"Ativa","sigla":"FCSH-UNL","sioe":"102110100","designacao":"Faculdade de Ciências Sociais e Humanas da Universidade Nova de Lisboa","id":"ent_FCSH-UNL","internacional":""},{"estado":"Ativa","sigla":"FCT","sioe":"104110000","designacao":"Fundação para a Ciência e a Tecnologia","id":"ent_FCT","dataCriacao":"1905-06-19","internacional":""},{"estado":"Ativa","sigla":"FCUL","sioe":"102091400","designacao":"Faculdade de Ciências da Universidade de Lisboa","id":"ent_FCUL","dataCriacao":"1905-03-25","internacional":""},{"estado":"Ativa","sigla":"FFUL","sioe":"102091200","designacao":"Faculdade de Farmácia da Universidade de Lisboa","id":"ent_FFUL","internacional":""},{"estado":"Ativa","sigla":"FLUL","sioe":"102091600","designacao":"Faculdade de Letras da Universidade de Lisboa","id":"ent_FLUL","dataCriacao":"1905-03-25","internacional":""},{"estado":"Ativa","sigla":"FPT","sioe":"","designacao":"Federação Portuguesa de Táxis","id":"ent_FPT","internacional":""},{"estado":"Ativa","sigla":"GAMA","sioe":"875790002","designacao":"Gabinete  de Investigação de Acidentes Marítimos e da Autoridade para a  Meteorologia Aeronáutica","id":"ent_GAMA","internacional":""},{"estado":"Ativa","sigla":"GEE","sioe":"74400000","designacao":"Gabinete de Estratégia e Estudos","id":"ent_GEE","internacional":""},{"estado":"Ativa","sigla":"GEP","sioe":"90530000","designacao":"Gabinete de Estratégia e Planeamento","id":"ent_GEP","internacional":""},{"estado":"Ativa","sigla":"GEPAC","sioe":"60240000","designacao":"Gabinete de Estratégia, Planeamento e Avaliação Culturais","id":"ent_GEPAC","internacional":""},{"estado":"Ativa","sigla":"GNR","sioe":"20050000","designacao":"Guarda Nacional Repúblicana","id":"ent_GNR","internacional":""},{"estado":"Ativa","sigla":"GNS","sioe":"800007772","designacao":"Gabinete Nacional de Segurança","id":"ent_GNS","internacional":""},{"estado":"Ativa","sigla":"GPEARI","sioe":"54800000","designacao":"Gabinete de Planeamento, Estratégia, Avaliação e Relações Internacionais","id":"ent_GPEARI","internacional":""},{"estado":"Inativa","sigla":"GPERI","sioe":"","designacao":"Gabinete de Planeamento, Estratégia e Relações Internacionais do Ministério das Obras Públicas, Transportes e Comunicações","id":"ent_GPERI","dataCriacao":"undefined-undefined-30-04-2007","dataExtincao":"2009-01-22","internacional":""},{"estado":"Ativa","sigla":"GPIAAF","sioe":"875793151","designacao":"Gabinete de Prevenção e Investigação de Acidentes com Aeronaves e Acidentes Ferroviários","id":"ent_GPIAAF","internacional":""},{"estado":"Ativa","sigla":"GPP","sioe":"600082458","designacao":"Gabinete de Planeamento e Políticas","id":"ent_GPP","internacional":""},{"estado":"Inativa","sigla":"GSEAE","sioe":"","designacao":"Gabinete do Secretário de Estado dos Assuntos Europeus","id":"ent_GSEAE","internacional":""},{"estado":"Ativa","sigla":"GovReg-A","sioe":"795000090","designacao":"Governo Regional dos Açores","id":"ent_GovReg-A","internacional":""},{"estado":"Ativa","sigla":"GovReg-M","sioe":"","designacao":"Governo Regional da Madeira","id":"ent_GovReg-M","internacional":""},{"estado":"Ativa","sigla":"Grupo_IP","sioe":"770000377","designacao":"Grupo Infraestruturas de Portugal","id":"ent_Grupo_IP","internacional":""},{"estado":"Inativa","sigla":"HDVCT","sioe":"","designacao":"Hospital de Viana do Castelo","id":"ent_HDVCT","internacional":""},{"estado":"Ativa","sigla":"IAMA","sioe":"795000105","designacao":"Instituto de Alimentação e Mercados Agrícolas","id":"ent_IAMA","internacional":""},{"estado":"Ativa","sigla":"IAPMEI","sioe":"70080000","designacao":"Agência para a Competitividade e Inovação, IP","id":"ent_IAPMEI","internacional":""},{"estado":"Ativa","sigla":"IASFA","sioe":"85230000","designacao":"Instituto de Ação Social das Forças Armadas, IP","id":"ent_IASFA","internacional":""},{"estado":"Ativa","sigla":"IAVE","sioe":"875791977","designacao":"Instituto de Avaliação Educativa, IP","id":"ent_IAVE","internacional":""},{"estado":"Ativa","sigla":"ICA","sioe":"60320000","designacao":"Instituto do Cinema e do Audiovisual, IP","id":"ent_ICA","internacional":""},{"estado":"Inativa","sigla":"ICAM","sioe":"","designacao":"Instituto do Cinema, do Audiovisual e do Multimédia, IP","id":"ent_ICAM","dataCriacao":"1998-12-21","dataExtincao":"2007-03-29","internacional":""},{"estado":"Inativa","sigla":"ICN","sioe":"","designacao":"Instituto da Conservação da Natureza, IP","id":"ent_ICN","dataCriacao":"1993-05-24","dataExtincao":"2007-04-27","internacional":""},{"estado":"Ativa","sigla":"ICNF","sioe":"875780365","designacao":"Instituto da Conservação da Natureza e das Florestas, IP","id":"ent_ICNF","internacional":""},{"estado":"Inativa","sigla":"IDC","sioe":"","designacao":"Inspeção Diplomática e Consular","id":"ent_IDC","dataCriacao":"1994-02-24","dataExtincao":"2006-10-27","internacional":""},{"estado":"Ativa","sigla":"IDN","sioe":"85130000","designacao":"Instituto da Defesa Nacional","id":"ent_IDN","internacional":""},{"estado":"Ativa","sigla":"IEFP","sioe":"90320000","designacao":"Instituto do Emprego e Formação Profissional, IP","id":"ent_IEFP","internacional":""},{"estado":"Ativa","sigla":"IFAP","sioe":"30160000","designacao":"Instituto de Financiamento da Agricultura e Pescas, IP","id":"ent_IFAP","internacional":""},{"estado":"Ativa","sigla":"IGAC","sioe":"60210000","designacao":"Inspeção-Geral das Atividades Culturais","id":"ent_IGAC","internacional":""},{"estado":"Inativa","sigla":"IGAE","sioe":"","designacao":"Inspeção-Geral das Atividades Económicas","id":"ent_IGAE","internacional":""},{"estado":"Ativa","sigla":"IGAI","sioe":"20020000","designacao":"Inspeção-Geral da Administração Interna","id":"ent_IGAI","internacional":""},{"estado":"Ativa","sigla":"IGAMAOT","sioe":"875780330","designacao":"Inspeção-Geral da Agricultura, do Mar, do Ambiente e do Ordenamento do Território","id":"ent_IGAMAOT","internacional":""},{"estado":"Ativa","sigla":"IGAS","sioe":"141200000","designacao":"Inspeção-Geral das Atividades em Saúde","id":"ent_IGAS","internacional":""},{"estado":"Ativa","sigla":"IGCP","sioe":"53300000","designacao":"Agência de Gestão da Tesouraria e da Dívida Pública - IGCP, EPE","id":"ent_IGCP","internacional":""},{"estado":"Ativa","sigla":"IGDC","sioe":"86120000","designacao":"Inspeção-Geral Diplomática e Consular","id":"ent_IGDC","internacional":""},{"estado":"Ativa","sigla":"IGDN","sioe":"85120000","designacao":"Inspeção-Geral da Defesa Nacional","id":"ent_IGDN","internacional":""},{"estado":"Ativa","sigla":"IGEC","sioe":"875780321","designacao":"Inspeção-Geral da Educação e Ciência","id":"ent_IGEC","internacional":""},{"estado":"Ativa","sigla":"IGF","sioe":"51400000","designacao":"Inspeção-Geral de Finanças","id":"ent_IGF","internacional":""},{"estado":"Ativa","sigla":"IGFCSS","sioe":"90270000","designacao":"Instituto de Gestão de Fundos de Capitalização da Segurança Social, IP","id":"ent_IGFCSS","internacional":""},{"estado":"Ativa","sigla":"IGFEJ","sioe":"875780382","designacao":"Instituto de Gestão Financeira e Equipamentos da Justiça, IP","id":"ent_IGFEJ","internacional":""},{"estado":"Ativa","sigla":"IGFSS","sioe":"90290000","designacao":"Instituto de Gestão Financeira da Segurança Social, IP","id":"ent_IGFSS","internacional":""},{"estado":"Ativa","sigla":"IGMTSSS","sioe":"90250000","designacao":"Inspeção-Geral do Ministério do Trabalho, Solidariedade e Segurança Social","id":"ent_IGMTSSS","internacional":""},{"estado":"Ativa","sigla":"IGSJ","sioe":"151200000","designacao":"Inspeção-Geral dos Serviços de Justiça","id":"ent_IGSJ","internacional":""},{"estado":"Ativa","sigla":"IH","sioe":"875790606","designacao":"Instituto Hidrográfico","id":"ent_IH","internacional":""},{"estado":"Ativa","sigla":"IHRU","sioe":"112200000","designacao":"Instituto da Habitação e da Reabilitação Urbana, IP","id":"ent_IHRU","internacional":""},{"estado":"Ativa","sigla":"II","sioe":"90300000","designacao":"Instituto de Informática, IP","id":"ent_II","internacional":""},{"estado":"Ativa","sigla":"IMPIC","sioe":"111500000","designacao":"Instituto dos Mercados Públicos, do Imobiliário e da Construção, IP","id":"ent_IMPIC","internacional":""},{"estado":"Ativa","sigla":"IMT","sioe":"110090000","designacao":"Instituto de Mobilidade e dos Transportes, IP","id":"ent_IMT","internacional":""},{"estado":"Ativa","sigla":"INA","sioe":"875780331","designacao":"Direção-Geral da Qualificação dos Trabalhadores em Funções Públicas","id":"ent_INA","internacional":""},{"estado":"Inativa","sigla":"INA_IP","sioe":"","designacao":"Instituto Nacional da Administração, IP","id":"ent_INA_IP","internacional":""},{"estado":"Ativa","sigla":"INCM","sioe":"875790441","designacao":"Imprensa Nacional-Casa da Moeda, SA","id":"ent_INCM","internacional":""},{"estado":"Ativa","sigla":"INE","sioe":"12150000","designacao":"Instituto Nacional de Estatística, IP","id":"ent_INE","internacional":""},{"estado":"Ativa","sigla":"INEM","sioe":"142300000","designacao":"Instituto Nacional de Emergência Médica, IP","id":"ent_INEM","internacional":""},{"estado":"Ativa","sigla":"INFARMED","sioe":"142200000","designacao":"Autoridade Nacional do Medicamento e Produtos de Saúde, IP","id":"ent_INFARMED","internacional":""},{"estado":"Ativa","sigla":"INIAV","sioe":"875780356","designacao":"Instituto Nacional de Investigação Agrária e Veterinária, IP","id":"ent_INIAV","internacional":""},{"estado":"Ativa","sigla":"INMLCF","sioe":"151800000","designacao":"Instituto Nacional de Medicina Legal e Ciências Forenses, IP","id":"ent_INMLCF","internacional":""},{"estado":"Ativa","sigla":"INPI","sioe":"71400000","designacao":"Instituto Nacional da Propriedade Industrial, IP","id":"ent_INPI","internacional":""},{"estado":"Ativa","sigla":"INR","sioe":"90170000","designacao":"Instituto Nacional para a Reabilitação, IP","id":"ent_INR","internacional":""},{"estado":"Ativa","sigla":"INSA","sioe":"142100000","designacao":"Instituto Nacional de Saúde Doutor Ricardo Jorge, IP","id":"ent_INSA","internacional":""},{"estado":"Ativa","sigla":"IPAC","sioe":"71960000","designacao":"Instituto Português de Acreditação, IP","id":"ent_IPAC","internacional":""},{"estado":"Ativa","sigla":"IPCA","sioe":"102450000","designacao":"Instituto Politécnico do Cávado e do Ave","id":"ent_IPCA","internacional":""},{"estado":"Ativa","sigla":"IPDJ","sioe":"875780313","designacao":"Instituto Português do Desporto e Juventude, IP","id":"ent_IPDJ","internacional":""},{"estado":"Ativa","sigla":"IPMA","sioe":"875780355","designacao":"Instituto Português do Mar e da Atmosfera, IP","id":"ent_IPMA","internacional":""},{"estado":"Ativa","sigla":"IPP","sioe":"102460000","designacao":"Instituto Politécnico do Porto","id":"ent_IPP","internacional":""},{"estado":"Ativa","sigla":"IPQ","sioe":"71600000","designacao":"Instituto Português da Qualidade, IP","id":"ent_IPQ","internacional":""},{"estado":"Ativa","sigla":"IPST","sioe":"142400000","designacao":"Instituto Português do Sangue e da Transplantação, IP","id":"ent_IPST","internacional":""},{"estado":"Inativa","sigla":"IPTM","sioe":"","designacao":"Instituto Portuário e dos Transportes Marítimos, I.P.","id":"ent_IPTM","dataCriacao":"2002-11-22","dataExtincao":"2012-02-29","internacional":""},{"estado":"Ativa","sigla":"IRN","sioe":"152600000","designacao":"Instituto dos Registos e do Notariado, IP","id":"ent_IRN","internacional":""},{"estado":"Ativa","sigla":"ISAN_Portugal","sioe":"","designacao":"Agência ISAN Portugal","id":"ent_ISAN_Portugal","internacional":""},{"estado":"Ativa","sigla":"ISCTE","sioe":"","designacao":"Instituto Superior de Ciências do Trabalho e da Empresa","id":"ent_ISCTE","internacional":""},{"estado":"Ativa","sigla":"ISS","sioe":"90310000","designacao":"Instituto da Segurança Social, IP","id":"ent_ISS","internacional":""},{"estado":"Ativa","sigla":"ISSA","sioe":"875792013","designacao":"Instituto da Segurança Social dos Açores, IP","id":"ent_ISSA","internacional":""},{"estado":"Ativa","sigla":"ISSM","sioe":"790000022","designacao":"Instituto da Segurança Social da Madeira, IP","id":"ent_ISSM","internacional":""},{"estado":"Ativa","sigla":"IST","sioe":"102100600","designacao":"Instituto Superior Técnico","id":"ent_IST","internacional":""},{"estado":"Ativa","sigla":"IVDP","sioe":"30210000","designacao":"Instituto dos Vinhos do Douro e do Porto, IP","id":"ent_IVDP","internacional":""},{"estado":"Ativa","sigla":"IVV","sioe":"30200000","designacao":"Instituto da Vinha e do Vinho, IP","id":"ent_IVV","internacional":""},{"estado":"Ativa","sigla":"IgeFE","sioe":"875792882","designacao":"Instituto de Gestão Financeira da Educação, IP","id":"ent_IgeFE","internacional":""},{"estado":"Ativa","sigla":"JurisAPP","sioe":"875793281","designacao":"Centro de Competências Jurídicas do Estado","id":"ent_JurisAPP","internacional":""},{"estado":"Ativa","sigla":"LNEC","sioe":"112400000","designacao":"Laboratório Nacional de Engenharia Civil, I.P.","id":"ent_LNEC","internacional":""},{"estado":"Ativa","sigla":"LNEG","sioe":"71510000","designacao":"Laboratório Nacional de Energia e Geologia, IP","id":"ent_LNEG","internacional":""},{"estado":"Ativa","sigla":"LSB71","sioe":"875791253","designacao":"Junta de Freguesia de Belém","id":"ent_LSB71","internacional":""},{"estado":"Ativa","sigla":"Lisboa2020","sioe":"875792096","designacao":"Autoridade de Gestão do Programa Operacional Regional de Lisboa","id":"ent_Lisboa2020","dataCriacao":"2014-12-11","internacional":""},{"estado":"Inativa","sigla":"MAC","sioe":"","designacao":"Maternidade Alfredo da Costa","id":"ent_MAC","internacional":""},{"estado":"Ativa","sigla":"MF","sioe":"","designacao":"Ministro das Finanças","id":"ent_MF","internacional":""},{"estado":"Ativa","sigla":"MJ","sioe":"","designacao":"Ministro da Justiça","id":"ent_MJ","internacional":""},{"estado":"Ativa","sigla":"MP","sioe":"","designacao":"Ministério Público","id":"ent_MP","internacional":""},{"estado":"Ativa","sigla":"Marinha","sioe":"85090000","designacao":"Marinha Portuguesa","id":"ent_Marinha","internacional":""},{"estado":"Ativa","sigla":"MdP","sioe":"770000329","designacao":"Metro do Porto, SA","id":"ent_MdP","internacional":""},{"estado":"Ativa","sigla":"Norte2020","sioe":"875792870","designacao":"Autoridade de Gestão do Programa Operacional Regional do Norte","id":"ent_Norte2020","dataCriacao":"2014-12-11","internacional":""},{"estado":"Ativa","sigla":"OIT","sioe":"","designacao":"Organização Internacional do Trabalho - Lisboa","id":"ent_OIT","internacional":"Sim"},{"estado":"Ativa","sigla":"OMS","sioe":"85090000","designacao":"Organização Mundial de Saúde","id":"ent_OMS","internacional":"Sim"},{"estado":"Ativa","sigla":"ON","sioe":"","designacao":"Ordem dos Notários","id":"ent_ON","internacional":""},{"estado":"Ativa","sigla":"OSAE","sioe":"","designacao":"Ordem dos Solicitadores e dos Agentes de Execução","id":"ent_OSAE","internacional":""},{"estado":"Ativa","sigla":"PCM","sioe":"","designacao":"Presidência do Conselho de Ministros","id":"ent_PCM","internacional":""},{"estado":"Ativa","sigla":"PDR2020","sioe":"875792060","designacao":"Autoridade de Gestão do Programa de Desenvolvimento Rural 2020","id":"ent_PDR2020","internacional":""},{"estado":"Ativa","sigla":"PE","sioe":"","designacao":"Parlamento Europeu","id":"ent_PE","internacional":"Sim"},{"estado":"Ativa","sigla":"PGR","sioe":"800003365","designacao":"Procuradoria-Geral da República","id":"ent_PGR","internacional":""},{"estado":"Ativa","sigla":"PJ","sioe":"152900000","designacao":"Polícia Judiciária","id":"ent_PJ","internacional":""},{"estado":"Ativa","sigla":"PJM","sioe":"85140000","designacao":"Polícia Judiciária Militar","id":"ent_PJM","internacional":""},{"estado":"Ativa","sigla":"PM","sioe":"90350000","designacao":"Primeiro-Ministro","id":"ent_PM","internacional":""},{"estado":"Ativa","sigla":"PMar","sioe":"875791092","designacao":"Polícia Marítima","id":"ent_PMar","internacional":""},{"estado":"Ativa","sigla":"POAT_2020","sioe":"875792876","designacao":"Autoridade de Gestão do Programa Operacional de Assistência Técnica","id":"ent_POAT_2020","dataCriacao":"2014-12-11","internacional":""},{"estado":"Ativa","sigla":"POCH","sioe":"875792868","designacao":"Autoridade de Gestão do Programa Operacional Temático Capital Humano","id":"ent_POCH","dataCriacao":"2014-12-11","internacional":""},{"estado":"Ativa","sigla":"POCI","sioe":"875792100","designacao":"Autoridade de Gestão do Programa Operacional Temático Competitividade e Internacionalização","id":"ent_POCI","dataCriacao":"2014-12-11","internacional":""},{"estado":"Ativa","sigla":"POISE","sioe":"875792878","designacao":"Autoridade de Gestão do Programa Operacional Inclusão Social e Emprego","id":"ent_POISE","dataCriacao":"2014-12-11","internacional":""},{"estado":"Ativa","sigla":"POMar2020","sioe":"875792879","designacao":"Autoridade de Gestão do Programa Operacional Mar 2020","id":"ent_POMar2020","dataCriacao":"2014-12-11","internacional":""},{"estado":"Ativa","sigla":"PO_SEUR","sioe":"875792877","designacao":"Autoridade de Gestão do Programa Operacional Temático Sustentabilidade e Eficiência no Uso de Recursos","id":"ent_PO_SEUR","dataCriacao":"2014-12-11","internacional":""},{"estado":"Ativa","sigla":"PR","sioe":"875780308","designacao":"Presidente da República","id":"ent_PR","internacional":""},{"estado":"Ativa","sigla":"PRJ","sioe":"800003366","designacao":"Provedoria de Justiça","id":"ent_PRJ","internacional":""},{"estado":"Ativa","sigla":"PSML__SA","sioe":"875790342","designacao":"Parques Sintra - Monte da Lua, SA","id":"ent_PSML__SA","internacional":""},{"estado":"Ativa","sigla":"PSP","sioe":"20040000","designacao":"Polícia de Segurança Pública","id":"ent_PSP","internacional":""},{"estado":"Ativa","sigla":"R-UNL","sioe":"","designacao":"Reitoria da Universidade Nova de Lisboa","id":"ent_R-UNL","internacional":""},{"estado":"Ativa","sigla":"RA-A","sioe":"","designacao":"Região Autónoma dos Açores","id":"ent_RA-A","internacional":""},{"estado":"Ativa","sigla":"RA-M","sioe":"","designacao":"Região Autónoma da Madeira","id":"ent_RA-M","internacional":""},{"estado":"Ativa","sigla":"SCML","sioe":"90350000","designacao":"Santa Casa da Misericórdia de Lisboa","id":"ent_SCML","internacional":""},{"estado":"Ativa","sigla":"SCMVNG","sioe":"","designacao":"Santa Casa da Misericórdia de Vila Nova de Gaia","id":"ent_SCMVNG","internacional":""},{"estado":"Ativa","sigla":"SEAL","sioe":"875792993","designacao":"Secretário de Estado das Autarquias Locais","id":"ent_SEAL","internacional":""},{"estado":"Ativa","sigla":"SEF","sioe":"20060000","designacao":"Serviço de Estrangeiros e Fronteiras","id":"ent_SEF","internacional":""},{"estado":"Ativa","sigla":"SEN","sioe":"","designacao":"Sistema Estatístico Nacional","id":"ent_SEN","internacional":""},{"estado":"Ativa","sigla":"SEUE","sioe":"","designacao":"Eurostat – Serviços de Estatística da União Europeia","id":"ent_SEUE","internacional":"Sim"},{"estado":"Ativa","sigla":"SF-M","sioe":"","designacao":"Superintendência das Finanças – Marinha","id":"ent_SF-M","internacional":""},{"estado":"Ativa","sigla":"SGEC","sioe":"875780324","designacao":"Secretaria-Geral da Educação e Ciência","id":"ent_SGEC","internacional":""},{"estado":"Ativa","sigla":"SGMA","sioe":"875792006","designacao":"Secretaria-Geral do Ministério do Ambiente","id":"ent_SGMA","internacional":""},{"estado":"Inativa","sigla":"SGMADRP","sioe":"","designacao":"Secretaria-Geral do Ministério da Agricultura, do Desenvolvimento Rural e das Pescas","id":"ent_SGMADRP","dataCriacao":"1996-06-18","dataExtincao":"2006-10-27","internacional":""},{"estado":"Ativa","sigla":"SGMAI","sioe":"22100000","designacao":"Secretaria Geral do Ministério da Administração Interna","id":"ent_SGMAI","internacional":""},{"estado":"Inativa","sigla":"SGMC","sioe":"","designacao":"Secretaria Geral do Ministério da Cultura","id":"ent_SGMC","internacional":""},{"estado":"Inativa","sigla":"SGMCES","sioe":"","designacao":"Secretaria-Geral do Ministério da Ciência e do Ensino Superior","id":"ent_SGMCES","internacional":""},{"estado":"Ativa","sigla":"SGMDN","sioe":"85010000","designacao":"Secretaria Geral do Ministério da Defesa Nacional","id":"ent_SGMDN","internacional":""},{"estado":"Ativa","sigla":"SGME","sioe":"875780376","designacao":"Secretaria Geral do Ministério da Economia","id":"ent_SGME","internacional":""},{"estado":"Inativa","sigla":"SGMEI","sioe":"70020000","designacao":"Secretaria Geral do Ministério da Economia e Inovação","id":"ent_SGMEI","dataCriacao":"2006-10-27","dataExtincao":"2011-12-29","internacional":""},{"estado":"Inativa","sigla":"SGMEd","sioe":"","designacao":"Secretaria-Geral do Ministério da Educação","id":"ent_SGMEd","internacional":""},{"estado":"Ativa","sigla":"SGMF","sioe":"54100000","designacao":"Secretaria Geral do Ministério das Finanças","id":"ent_SGMF","internacional":""},{"estado":"Ativa","sigla":"SGMJ","sioe":"151100000","designacao":"Secretaria Geral do Ministério da Justiça","id":"ent_SGMJ","internacional":""},{"estado":"Ativa","sigla":"SGMNE","sioe":"86160000","designacao":"Secretaria Geral do Ministério dos Negócios Estrangeiros","id":"ent_SGMNE","internacional":""},{"estado":"Ativa","sigla":"SGMS","sioe":"141100000","designacao":"Secretaria-Geral do Ministério da Saúde","id":"ent_SGMS","internacional":""},{"estado":"Inativa","sigla":"SGMSST","sioe":"","designacao":"Secretaria-Geral do Ministério da Segurança Social e do Trabalho","id":"ent_SGMSST","internacional":""},{"estado":"Ativa","sigla":"SGMTSSS","sioe":"90370000","designacao":"Secretaria Geral do Ministério do Trabalho, Solidariedade e Segurança Social","id":"ent_SGMTSSS","internacional":""},{"estado":"Ativa","sigla":"SGPCM","sioe":"13110000","designacao":"Secretaria Geral da Presidência do Conselho de Ministros","id":"ent_SGPCM","internacional":""},{"estado":"Ativa","sigla":"SICAD","sioe":"875780320","designacao":"Serviço de Intervenção nos Comportamentos Aditivos e nas Dependências","id":"ent_SICAD","internacional":""},{"estado":"Ativa","sigla":"SIRP","sioe":"17000000","designacao":"Sistema de Informações da República Portuguesa","id":"ent_SIRP","internacional":""},{"estado":"Ativa","sigla":"SIS","sioe":"20070000","designacao":"Serviço de Informações e Segurança","id":"ent_SIS","internacional":""},{"estado":"Ativa","sigla":"SM-M","sioe":"","designacao":"Superintendência do Material – Marinha","id":"ent_SM-M","internacional":""},{"estado":"Ativa","sigla":"SMASALM","sioe":"875790839","designacao":"Serviços Municipalizados de Água e Saneamento de Almada","id":"ent_SMASALM","internacional":""},{"estado":"Inativa","sigla":"SNB","sioe":"","designacao":"Serviço Nacional de Bombeiros","id":"ent_SNB","dataCriacao":"1980-09-29","dataExtincao":"2000-11-17","internacional":""},{"estado":"Ativa","sigla":"SP-M","sioe":"875791081","designacao":"Superintendência do Pessoal – Marinha","id":"ent_SP-M","internacional":""},{"estado":"Ativa","sigla":"SPMS","sioe":"875780255","designacao":"Serviços Partilhados do Ministério da Saúde, EPE","id":"ent_SPMS","internacional":""},{"estado":"Ativa","sigla":"SSAP","sioe":"51710000","designacao":"Serviços Sociais da Administração Pública","id":"ent_SSAP","internacional":""},{"estado":"Ativa","sigla":"STA","sioe":"800003021","designacao":"Supremo Tribunal Administrativo","id":"ent_STA","internacional":""},{"estado":"Ativa","sigla":"STI-M","sioe":"","designacao":"Superintendência das Tecnologias da Informação – Marinha","id":"ent_STI-M","internacional":""},{"estado":"Ativa","sigla":"STJ","sioe":"800003022","designacao":"Supremo Tribunal de Justiça","id":"ent_STJ","internacional":""},{"estado":"Ativa","sigla":"TAP","sioe":"","designacao":"Transportes Aéreos Portugueses, S. A","id":"ent_TAP","internacional":""},{"estado":"Ativa","sigla":"TC","sioe":"800003044","designacao":"Tribunal Constitucional","id":"ent_TC","internacional":""},{"estado":"Ativa","sigla":"TContas","sioe":"800003052","designacao":"Tribunal de Contas","id":"ent_TContas","internacional":""},{"estado":"Ativa","sigla":"TJUE","sioe":"","designacao":"Tribunal de Justiça da União Europeia","id":"ent_TJUE","internacional":"Sim"},{"estado":"Ativa","sigla":"TP","sioe":"73400000","designacao":"Turismo de Portugal, IP","id":"ent_TP","internacional":""},{"estado":"Ativa","sigla":"UE","sioe":"","designacao":"União Europeia","id":"ent_UE","internacional":"Sim"},{"estado":"Ativa","sigla":"UTAD","sioe":"102150000","designacao":"Universidade de Trás-os-Montes e Alto Douro","id":"ent_UTAD","internacional":""}]}